alpha_0,sigma_0,rho_0,eta_0,mu_0,lambda_0,phi_L_0,phi_H_0,alpha,sigma,rho,eta,mu,lambda,phi_L,phi_H,fit_rr,fit_wbr,fit_lbr,fit_sp,obj_val,tol
0.1,0.6,0.2,0.08,0.4,0.4,5.0,5.0,0.2690570229744267,0.6361619223748218,0.3428615650272149,0.08,0.19559772806347622,0.3146597423266002,4.368992351399316,5.0,25.586583087910018,47.356094699624094,0.008213843129937476,472.31679632224746,8.458341816432073,1.0
0.1,0.6,0.2,0.08,0.4,0.4,5.0,5.0,0.2819871884751977,0.6543064849897382,0.4513992255465641,0.08,0.21829413350580462,0.4483685632215956,5.7976406136246155,5.0,8.998268588491268,0.1727521022258945,0.005506434510662785,1.427581788469936,-1.159828131064254,0.1
