Decade,Years,N,SP_mean,LIR_mean,K_EQ_mean,K_STR_mean,K_RATIO_mean,L_SHARE_mean,OUTPUT_mean,SP_growth,LIR_growth,K_EQ_growth,K_STR_growth,K_RATIO_growth,L_SHARE_growth,OUTPUT_growth
1960s,1963-1969,7,0.9868951921485095,0.2648646503222228,312.46828571428574,409.6454285714285,0.7601368602179079,0.7020992857142856,334.09142857142854,1.2069523686524475,2.102863258684784,6.085149496967945,4.018739344680178,1.9865748857428756,0.5662936544476027,4.890028262895663
1970s,1970-1979,10,0.9615538902935257,0.3726626128733673,547.5099,540.113,1.0045632515633813,0.7169954,434.78000000000003,-1.0534327895069362,4.564695433093058,7.428689924777521,2.5022038418546444,4.806224547643567,-0.48277322869387795,2.977192789017735
1980s,1980-1989,10,0.9980136102435353,0.4965552472332576,1171.1951000000001,677.8326,1.714180281770627,0.6928532000000001,554.5319999999999,2.124056976462918,1.4417313479403004,7.650765643209012,1.7606763642205925,5.788178193614479,-0.1857950794447949,2.580263734855004
1990s,1990-1992,3,1.1044087683783264,0.5364842589528521,1814.5066666666664,724.7053333333333,2.503361604542134,0.7020939999999999,656.2333333333333,0.7002545845013586,1.9012528224353176,5.403802783808143,0.540563180421727,4.837092064681658,0.8083935640276652,-0.5883748960327728
