Category,N Industries,Initial LS,Final LS,Change,Annual Growth (%)
Fast Declining,13,0.7219558699718536,0.48651853130842065,-0.23543733866343286,-1.4504520690009157
Slow Declining,33,0.6753355560354315,0.603655129968704,-0.07168042606672742,-0.4403060954328297
Stable/Increasing,10,0.59191884700504,0.6830408770374647,0.09112203003242464,0.6977148208994087
