,SP_slope,LIR_slope,KR_slope,LS_slope
SP_slope,1.0,0.4241832192138877,-0.05680850187267328,-0.399110901459283
LIR_slope,0.4241832192138877,1.0,0.06641495020141115,-0.13957827317829063
KR_slope,-0.05680850187267328,0.06641495020141115,1.0,0.0322721408213886
LS_slope,-0.399110901459283,-0.13957827317829063,0.0322721408213886,1.0
