BEA_CODE,YEAR,REL_P_EQ_DEVIATION
111CA,1947,0.5932519679867698
111CA,1948,0.6094151254396718
111CA,1949,0.6207894637737295
111CA,1950,0.6202083081723627
111CA,1951,0.6071708420259778
111CA,1952,0.6212586377275506
111CA,1953,0.6191409771075019
111CA,1954,0.6167480247033386
111CA,1955,0.6096258755620534
111CA,1956,0.5949386226736284
111CA,1957,0.587836330649805
111CA,1958,0.5950261315271975
111CA,1959,0.6007275732912027
111CA,1960,0.601416896076326
111CA,1961,0.6096925080664304
111CA,1962,0.61968627510813
111CA,1963,0.6258519308795
111CA,1964,0.6317288605773218
111CA,1965,0.6419139611709478
111CA,1966,0.653683324679265
111CA,1967,0.6583353682916403
111CA,1968,0.6586679166484953
111CA,1969,0.6638960848444144
111CA,1970,0.6644975965837828
111CA,1971,0.6752441387216818
111CA,1972,0.6912240231319958
111CA,1973,0.6939530913731965
111CA,1974,0.7198442898394605
111CA,1975,0.7289289673329256
111CA,1976,0.7397680911717079
111CA,1977,0.7532405940209179
111CA,1978,0.7729637270428336
111CA,1979,0.795580411439382
111CA,1980,0.8301340795154221
111CA,1981,0.8615185578384823
111CA,1982,0.8949901155705411
111CA,1983,0.9247792046310603
111CA,1984,0.9536983744103971
111CA,1985,0.9648946091639758
111CA,1986,0.987714210848509
111CA,1987,1.0
111CA,1988,1.0086048117668258
111CA,1989,1.0285267653279748
111CA,1990,1.0447993648362648
111CA,1991,1.0716366236199288
111CA,1992,1.109437480295613
111CA,1993,1.1392355019997142
111CA,1994,1.1660355724884752
111CA,1995,1.195021221537609
111CA,1996,1.2462564832164087
111CA,1997,1.293487174681985
111CA,1998,1.3616530533789042
111CA,1999,1.4300568310073964
111CA,2000,1.465656470688973
111CA,2001,1.5188997289901789
111CA,2002,1.570923298979005
111CA,2003,1.638871595941418
111CA,2004,1.696735748486693
111CA,2005,1.7501301991219187
111CA,2006,1.7999525772878422
111CA,2007,1.8496744548756687
111CA,2008,1.92813938868245
111CA,2009,2.0029635205790215
111CA,2010,2.048070970372527
111CA,2011,2.088291492757425
111CA,2012,2.120734160635243
111CA,2013,2.147924573225609
111CA,2014,2.193969643046627
111CA,2015,2.2321631349965774
111CA,2016,2.279022703590156
111CA,2017,2.3074132841254036
111CA,2018,2.3230770571595842
111CA,2019,2.3565196298623388
111CA,2020,2.378601342512288
111CA,2021,2.411923267712958
111CA,2022,2.5066522493500747
111CA,2023,2.541427980830623
111CA,2024,2.5284748542108826
113FF,1947,0.5997523237121268
113FF,1948,0.6132295531478853
113FF,1949,0.6070120621685838
113FF,1950,0.6089042481733986
113FF,1951,0.6180505715628899
113FF,1952,0.6221546076596491
113FF,1953,0.634205805773215
113FF,1954,0.634665013252684
113FF,1955,0.6390896649259776
113FF,1956,0.6432738231574117
113FF,1957,0.6469504290010956
113FF,1958,0.6469077003748165
113FF,1959,0.6513808303049502
113FF,1960,0.6544146451948804
113FF,1961,0.6575641028993446
113FF,1962,0.6688816887764865
113FF,1963,0.6772532671624338
113FF,1964,0.6811644788125135
113FF,1965,0.6863877246901577
113FF,1966,0.696588647058653
113FF,1967,0.7005053677972773
113FF,1968,0.7010612315135822
113FF,1969,0.7048401639800351
113FF,1970,0.7106144555502699
113FF,1971,0.7128327502234848
113FF,1972,0.72192749599939
113FF,1973,0.7251337608936549
113FF,1974,0.7509622194060177
113FF,1975,0.7596829487510309
113FF,1976,0.7694851487687121
113FF,1977,0.7820324333073988
113FF,1978,0.8034021145897475
113FF,1979,0.8214273022310105
113FF,1980,0.8474082754757035
113FF,1981,0.8731693553931371
113FF,1982,0.9052198220607898
113FF,1983,0.93116603420347
113FF,1984,0.9589087714086445
113FF,1985,0.9730009860522678
113FF,1986,0.9897089046353565
113FF,1987,1.0
113FF,1988,1.0090479092333264
113FF,1989,1.0280419784581443
113FF,1990,1.0426831052048464
113FF,1991,1.0610407042301555
113FF,1992,1.0925776223435693
113FF,1993,1.12240184064772
113FF,1994,1.1452355078853398
113FF,1995,1.1730246689753676
113FF,1996,1.2160773186706084
113FF,1997,1.2614626542657756
113FF,1998,1.3262105151358332
113FF,1999,1.390049394989713
113FF,2000,1.4256696159952884
113FF,2001,1.4703025710108681
113FF,2002,1.5126373597710991
113FF,2003,1.5671832301472768
113FF,2004,1.6187595120123857
113FF,2005,1.6708352753541449
113FF,2006,1.7189088886503416
113FF,2007,1.7653926672307105
113FF,2008,1.8371853958596749
113FF,2009,1.9040381477527075
113FF,2010,1.9470926525718966
113FF,2011,1.9861056675166353
113FF,2012,2.022892772347002
113FF,2013,2.05269681759375
113FF,2014,2.0961793033509806
113FF,2015,2.1302317236022206
113FF,2016,2.172014518731946
113FF,2017,2.2008609054512176
113FF,2018,2.2249334079158696
113FF,2019,2.2695913627501283
113FF,2020,2.2970802821105365
113FF,2021,2.344325831520553
113FF,2022,2.4611088554372613
113FF,2023,2.504002537201987
113FF,2024,2.4952914006610447
211,1947,0.7209765004963606
211,1948,0.733975801678153
211,1949,0.7620848195271662
211,1950,0.7707168086133908
211,1951,0.7567730234349566
211,1952,0.7752461285153586
211,1953,0.7884829045936234
211,1954,0.8021705044452604
211,1955,0.7865419918176181
211,1956,0.7857217206413282
211,1957,0.7937256607245774
211,1958,0.7969250972112424
211,1959,0.7945799362325203
211,1960,0.8000639198184359
211,1961,0.7999395363231666
211,1962,0.8029313937414237
211,1963,0.8030108725014015
211,1964,0.8067818535000368
211,1965,0.8058343994554803
211,1966,0.8083888762210841
211,1967,0.8125849401097898
211,1968,0.8194313421266194
211,1969,0.8217966803021515
211,1970,0.8220346353643357
211,1971,0.8233586594349945
211,1972,0.8182516585096616
211,1973,0.8162136801284643
211,1974,0.8151218151037602
211,1975,0.8557947740687204
211,1976,0.8751151015829222
211,1977,0.902974562020683
211,1978,0.9212355078674858
211,1979,0.9306704184585561
211,1980,0.9444833354609218
211,1981,0.9563540616670823
211,1982,0.9701318051508621
211,1983,0.9668166456786497
211,1984,0.9717484548409341
211,1985,0.982912364631566
211,1986,0.988752336196261
211,1987,1.0
211,1988,1.0112736567413347
211,1989,1.0224351329328272
211,1990,1.0352623206945593
211,1991,1.0485574773403945
211,1992,1.059818676780359
211,1993,1.069742422075664
211,1994,1.079710591008595
211,1995,1.091830603486488
211,1996,1.1090026799448252
211,1997,1.1345092363950509
211,1998,1.1690310126363135
211,1999,1.205061787252174
211,2000,1.2374600104093092
211,2001,1.2895414891010504
211,2002,1.3312793423069575
211,2003,1.3829287046945724
211,2004,1.4275807020498754
211,2005,1.4777320119301391
211,2006,1.5338871115037744
211,2007,1.5746841428280376
211,2008,1.6374949665438194
211,2009,1.6515355292457636
211,2010,1.6678337052677599
211,2011,1.7051022145334112
211,2012,1.7426006649020156
211,2013,1.7647134658600259
211,2014,1.7908022857613772
211,2015,1.8078372507781566
211,2016,1.8203491632220676
211,2017,1.8354912679415676
211,2018,1.855353619809923
211,2019,1.8882827466278556
211,2020,1.883686426916403
211,2021,1.8909478557603376
211,2022,1.9325849413088567
211,2023,1.9789095961358503
211,2024,2.004089624659544
212,1947,0.48832440487568046
212,1948,0.4974747735601755
212,1949,0.5126198958235237
212,1950,0.5257938552858
212,1951,0.5352400880506992
212,1952,0.530927001021866
212,1953,0.5419104015522512
212,1954,0.5549151774796841
212,1955,0.5608008574460605
212,1956,0.5626519943563073
212,1957,0.5685866081405113
212,1958,0.5718689440854908
212,1959,0.5719165597687847
212,1960,0.57598743376129
212,1961,0.577234681201994
212,1962,0.5809494835789187
212,1963,0.5804862542016004
212,1964,0.5850432259688291
212,1965,0.587656707809776
212,1966,0.5916757923787949
212,1967,0.5977798965273734
212,1968,0.6046144693958087
212,1969,0.6106959906000528
212,1970,0.6151143477364632
212,1971,0.6223271955490018
212,1972,0.6304157039831586
212,1973,0.6342943265807154
212,1974,0.6496211787881854
212,1975,0.7062165879684815
212,1976,0.7353002856571832
212,1977,0.7725587945642297
212,1978,0.7994889453699555
212,1979,0.8218231543633588
212,1980,0.8674530619838723
212,1981,0.9178316021972768
212,1982,0.9348210051776223
212,1983,0.9296635400611785
212,1984,0.9453106484535939
212,1985,0.961191282147571
212,1986,0.9780184193816056
212,1987,1.0
212,1988,1.0211554535057195
212,1989,1.0375999817693622
212,1990,1.0594283620997669
212,1991,1.0772621499214317
212,1992,1.0971359212830887
212,1993,1.1204953810619762
212,1994,1.1413178129009423
212,1995,1.1717473552664492
212,1996,1.2117555833055327
212,1997,1.2583228797473192
212,1998,1.316721092459543
212,1999,1.371462548366852
212,2000,1.4060254451081373
212,2001,1.456646122705409
212,2002,1.5018241503320093
212,2003,1.5617065715646845
212,2004,1.618232859669019
212,2005,1.6817010479603662
212,2006,1.7511713305366194
212,2007,1.804446629417034
212,2008,1.8770506636032118
212,2009,1.924653489671339
212,2010,1.953786376429392
212,2011,1.9932645695200122
212,2012,2.048074606054499
212,2013,2.077636619217398
212,2014,2.108330037569524
212,2015,2.132922216289074
212,2016,2.1512203822726526
212,2017,2.169780298390464
212,2018,2.191918286602233
212,2019,2.2354414240768867
212,2020,2.23802640103156
212,2021,2.255044999553707
212,2022,2.3101931090839245
212,2023,2.371873153296933
212,2024,2.391065021334638
213,1947,0.5874785828503106
213,1948,0.5980180103427443
213,1949,0.6116742644497233
213,1950,0.6186211574233094
213,1951,0.6158319821377104
213,1952,0.6246237259641716
213,1953,0.6349951865813578
213,1954,0.6472090602424849
213,1955,0.644213768171784
213,1956,0.6458753994589186
213,1957,0.6502439696500121
213,1958,0.6551113132782246
213,1959,0.6556254296911638
213,1960,0.6622338966749747
213,1961,0.6626884525453811
213,1962,0.664814426119326
213,1963,0.665906042294191
213,1964,0.6734893093680122
213,1965,0.6774035950955449
213,1966,0.6873609834618739
213,1967,0.6946275890578455
213,1968,0.7065027558877028
213,1969,0.7116842836105508
213,1970,0.7163783317027619
213,1971,0.725797523305867
213,1972,0.7315511150437745
213,1973,0.7358838903155417
213,1974,0.7436597954877575
213,1975,0.7962582125240109
213,1976,0.8178331943062092
213,1977,0.8525810713776335
213,1978,0.8759345606380501
213,1979,0.8926450019652534
213,1980,0.9170227937631239
213,1981,0.9386398941077051
213,1982,0.9436653538070361
213,1983,0.9427259699430385
213,1984,0.9481195390966526
213,1985,0.960069553114309
213,1986,0.973752792112641
213,1987,1.0
213,1988,1.021149316499926
213,1989,1.0343040503472267
213,1990,1.0546871179949604
213,1991,1.0699772143049655
213,1992,1.0879154281164765
213,1993,1.1073635306761747
213,1994,1.1246870879369597
213,1995,1.1492487350715765
213,1996,1.1846543574135078
213,1997,1.226279270484196
213,1998,1.2771454719743387
213,1999,1.3240383259015864
213,2000,1.3568180709135842
213,2001,1.405303215775112
213,2002,1.4423836102789727
213,2003,1.4885775197790316
213,2004,1.5312667408191838
213,2005,1.5755930963027467
213,2006,1.6351301511818346
213,2007,1.6896810274718541
213,2008,1.7560452041391794
213,2009,1.7908778044152895
213,2010,1.8196462809704692
213,2011,1.8590484986921882
213,2012,1.8999703876428593
213,2013,1.9241725401858472
213,2014,1.9541943592792423
213,2015,1.9776329994757287
213,2016,1.9954802424024585
213,2017,2.014059887973287
213,2018,2.0429594889057903
213,2019,2.07694248641575
213,2020,2.0793206958477795
213,2021,2.0926555629408585
213,2022,2.147224599358531
213,2023,2.1881409292182408
213,2024,2.207809196092813
22,1947,0.7717654936191698
22,1948,0.7647338073256601
22,1949,0.7604513211844355
22,1950,0.7599502462043021
22,1951,0.7748270946377259
22,1952,0.7749162647373804
22,1953,0.7872066437543729
22,1954,0.7888984130175722
22,1955,0.7839725271873954
22,1956,0.8176961174402231
22,1957,0.8364730858608735
22,1958,0.8397322294611603
22,1959,0.841689307113686
22,1960,0.8385147249988483
22,1961,0.8229108732317623
22,1962,0.8094990552838768
22,1963,0.8004567965882491
22,1964,0.7959593517801608
22,1965,0.7929193165811913
22,1966,0.7949272975975645
22,1967,0.8086529676069594
22,1968,0.8180671528539111
22,1969,0.8152183000143132
22,1970,0.8214747959219806
22,1971,0.8395563128428799
22,1972,0.8412837838242735
22,1973,0.8413921879788521
22,1974,0.8361140288978463
22,1975,0.8622832639689024
22,1976,0.8842774279094892
22,1977,0.9019016205436364
22,1978,0.923550826181562
22,1979,0.9309268559844137
22,1980,0.9556382345082703
22,1981,0.9610412033510177
22,1982,0.9610481918715585
22,1983,0.9687408384265423
22,1984,0.973404232361844
22,1985,0.9847910453607018
22,1986,0.9880048826422672
22,1987,1.0
22,1988,1.01002346858214
22,1989,1.0259847244962543
22,1990,1.0437550379037992
22,1991,1.0519483698717385
22,1992,1.0593143624920722
22,1993,1.0650697302179455
22,1994,1.0730401370218194
22,1995,1.0936302268748113
22,1996,1.1180362727723048
22,1997,1.1408541858909202
22,1998,1.174104490031039
22,1999,1.2048777136525994
22,2000,1.2304430289439203
22,2001,1.2618820145574468
22,2002,1.280711539275007
22,2003,1.3142730544240429
22,2004,1.3402226891986866
22,2005,1.3683388664251988
22,2006,1.4249078657884813
22,2007,1.4862735165516645
22,2008,1.5585798358322043
22,2009,1.5856629018240957
22,2010,1.6248323971444047
22,2011,1.6559358510857127
22,2012,1.668232970468386
22,2013,1.679355278837935
22,2014,1.6948712318975303
22,2015,1.6976129747236939
22,2016,1.7057169509053922
22,2017,1.7187582501946366
22,2018,1.7332652058995508
22,2019,1.7530468696665744
22,2020,1.7713518841728433
22,2021,1.7945447872920666
22,2022,1.8505180998725046
22,2023,1.8530064302299443
22,2024,1.8642143848960726
23,1947,0.5311424748253543
23,1948,0.5525146606969622
23,1949,0.5608994724075039
23,1950,0.5589882913390971
23,1951,0.5659837021367263
23,1952,0.5712224564679023
23,1953,0.5735770490990829
23,1954,0.5759312167548795
23,1955,0.5865425374954761
23,1956,0.5910959456479647
23,1957,0.5948360581674252
23,1958,0.605526297565312
23,1959,0.6117896551951943
23,1960,0.6156191367156929
23,1961,0.6221546200274416
23,1962,0.6238287476886236
23,1963,0.6278549668334646
23,1964,0.6369134877316809
23,1965,0.6449934081307511
23,1966,0.6537831832055231
23,1967,0.6571347706967267
23,1968,0.6676899957642474
23,1969,0.6733928864383282
23,1970,0.6777385912058096
23,1971,0.6920278883142005
23,1972,0.7031797935242933
23,1973,0.7068665589248658
23,1974,0.7254968393361091
23,1975,0.7643654731646389
23,1976,0.7750859781649059
23,1977,0.8046583943059311
23,1978,0.8292513084427183
23,1979,0.8515793243544237
23,1980,0.8714660334058315
23,1981,0.8952615236210115
23,1982,0.9047819604786309
23,1983,0.9185574790480295
23,1984,0.9382369694579231
23,1985,0.955233250648445
23,1986,0.9761953344320041
23,1987,1.0
23,1988,1.0159273141544736
23,1989,1.0319275969256743
23,1990,1.0473130460079616
23,1991,1.0591064750311523
23,1992,1.073531877017755
23,1993,1.0917331013949125
23,1994,1.1076161366799075
23,1995,1.1301534604373644
23,1996,1.1597927655374327
23,1997,1.193646635706437
23,1998,1.2393610365910868
23,1999,1.2862376123383465
23,2000,1.3119326468645292
23,2001,1.340419393279104
23,2002,1.3646058707637099
23,2003,1.3983818330838282
23,2004,1.427973975393243
23,2005,1.4565168211097812
23,2006,1.486550389869079
23,2007,1.5048724248065994
23,2008,1.5321293689063016
23,2009,1.5754649766495767
23,2010,1.6027194731281782
23,2011,1.6311066813692687
23,2012,1.6745098837062413
23,2013,1.6988377431756552
23,2014,1.7249702772586128
23,2015,1.7543903043286324
23,2016,1.780575910078017
23,2017,1.7959151909013755
23,2018,1.8071916129160142
23,2019,1.8385258278507308
23,2020,1.8557589394146536
23,2021,1.8856099242161126
23,2022,1.9393946278562706
23,2023,1.9788061756406217
23,2024,1.9661119389845247
321,1947,0.6933336046215118
321,1948,0.6999902273512906
321,1949,0.7103326420739189
321,1950,0.7113723469294686
321,1951,0.7297356796698743
321,1952,0.7229851805409293
321,1953,0.728262219944727
321,1954,0.7323991894175457
321,1955,0.7554189437511032
321,1956,0.7629232096184307
321,1957,0.7766582537385678
321,1958,0.774640851255473
321,1959,0.7789635333805722
321,1960,0.7874917147526984
321,1961,0.7921809242400569
321,1962,0.7965969067193747
321,1963,0.8059566362543957
321,1964,0.8092219423207405
321,1965,0.812854842435516
321,1966,0.8069762535637527
321,1967,0.8106115058436586
321,1968,0.8110689465453098
321,1969,0.8154440110535531
321,1970,0.8196721471746987
321,1971,0.8263871761778497
321,1972,0.831875549078651
321,1973,0.8353374732892636
321,1974,0.8565556722292692
321,1975,0.8778983993362119
321,1976,0.8901119212912019
321,1977,0.9173402908549874
321,1978,0.9397486205914315
321,1979,0.9494806067333705
321,1980,0.9286054390959582
321,1981,0.9227222308351903
321,1982,0.9170377922882079
321,1983,0.9289751697313885
321,1984,0.9433307292810886
321,1985,0.9548850280251414
321,1986,0.9776648092230102
321,1987,1.0
321,1988,1.0166427788797325
321,1989,1.025375755590804
321,1990,1.04237070248376
321,1991,1.0572003455912544
321,1992,1.0713756424684369
321,1993,1.0854066016101898
321,1994,1.0998976402704284
321,1995,1.1266361837933743
321,1996,1.1622209067977256
321,1997,1.1959982631372865
321,1998,1.2444286177551578
321,1999,1.2890169484143477
321,2000,1.3125126600067605
321,2001,1.346740909545113
321,2002,1.3734356584523608
321,2003,1.4179470483173235
321,2004,1.4635924546717443
321,2005,1.4984943270553994
321,2006,1.5394816519144472
321,2007,1.5838870708100956
321,2008,1.6335306903534124
321,2009,1.6667997700926558
321,2010,1.7000943901104655
321,2011,1.7306129805880965
321,2012,1.7600592182274999
321,2013,1.7793875260902112
321,2014,1.803267674775624
321,2015,1.8230261478582486
321,2016,1.8463772626172432
321,2017,1.8701839430518141
321,2018,1.8946159472751247
321,2019,1.922186625497494
321,2020,1.9427850905301585
321,2021,1.9676661397543054
321,2022,1.979850709283659
321,2023,2.00229837426061
321,2024,2.01011452762071
327,1947,1.0230208142169352
327,1948,1.027893205316766
327,1949,1.0487622220451291
327,1950,1.0515510794071534
327,1951,1.0709748933573604
327,1952,1.0722370427989163
327,1953,1.0752328126548352
327,1954,1.082719610926981
327,1955,1.1136466072272393
327,1956,1.1367390893474663
327,1957,1.1482405320573026
327,1958,1.1591031850627627
327,1959,1.1633294727476264
327,1960,1.167736090776601
327,1961,1.1704998725279492
327,1962,1.173662200271239
327,1963,1.175938877914568
327,1964,1.177171981290128
327,1965,1.186799737862183
327,1966,1.1928016700521624
327,1967,1.2001945710013968
327,1968,1.2094862595876588
327,1969,1.2155919548858563
327,1970,1.2259437927904842
327,1971,1.2325624069391357
327,1972,1.2332236995044275
327,1973,1.2366656088903833
327,1974,1.227536400413882
327,1975,1.2283765272969878
327,1976,1.2117837489409136
327,1977,1.2004625500611354
327,1978,1.1056317732973802
327,1979,1.0770106702841837
327,1980,1.022764941603811
327,1981,0.9875771968707704
327,1982,0.9683834720774762
327,1983,0.9754308758514121
327,1984,0.9796361773753328
327,1985,0.9825197547168425
327,1986,0.9911488302899247
327,1987,1.0
327,1988,1.0076596829068882
327,1989,1.0100332267076921
327,1990,1.0198859608881834
327,1991,1.0270583695251705
327,1992,1.0343149650021721
327,1993,1.0436609131697485
327,1994,1.0553073959944004
327,1995,1.0766116072646443
327,1996,1.104960655666765
327,1997,1.133925198101675
327,1998,1.1775741542471267
327,1999,1.2179987648482573
327,2000,1.2411786385821157
327,2001,1.275090716299183
327,2002,1.3052804442255643
327,2003,1.3488660437757192
327,2004,1.3946055307692837
327,2005,1.4366425195181873
327,2006,1.4813678817325673
327,2007,1.5223126249180963
327,2008,1.5735766158645892
327,2009,1.6144824084482485
327,2010,1.6447218994099915
327,2011,1.6755105553188274
327,2012,1.7110968325866387
327,2013,1.7333465780095672
327,2014,1.7576010992257705
327,2015,1.7783939856832287
327,2016,1.7987042330660015
327,2017,1.8192272592405212
327,2018,1.8486152053637424
327,2019,1.8804657053296607
327,2020,1.8956025894563229
327,2021,1.9313419866144579
327,2022,1.966214813378551
327,2023,1.9951304408999009
327,2024,2.0060486184044013
331,1947,0.8004528221147786
331,1948,0.8052199634643156
331,1949,0.809179301202633
331,1950,0.8210168990322048
331,1951,0.8457681212679384
331,1952,0.8400717325134397
331,1953,0.8496565222302369
331,1954,0.8519812893444428
331,1955,0.8645416232221734
331,1956,0.8949994934014445
331,1957,0.9054441186874711
331,1958,0.9028849893154506
331,1959,0.9036574395270318
331,1960,0.9131236031775205
331,1961,0.9067641003240766
331,1962,0.9062392918323218
331,1963,0.9015530011116154
331,1964,0.8988383772694539
331,1965,0.9020391363082251
331,1966,0.9040705329030867
331,1967,0.9101885977834365
331,1968,0.9162120533784129
331,1969,0.9133888524715953
331,1970,0.9149327004681643
331,1971,0.9127076284840739
331,1972,0.9027105518202553
331,1973,0.9016522129883109
331,1974,0.8947552531333308
331,1975,0.9195438717021095
331,1976,0.925335168121176
331,1977,0.9396732255089941
331,1978,0.943676582381417
331,1979,0.9546459929324655
331,1980,0.9677199272190705
331,1981,0.9681503681462901
331,1982,0.964056358043492
331,1983,0.9643918579000131
331,1984,0.9666512459252565
331,1985,0.9738311532793904
331,1986,0.9848027244360016
331,1987,1.0
331,1988,1.0100869267439248
331,1989,1.0177418901468842
331,1990,1.0319157389366376
331,1991,1.0438351641095858
331,1992,1.051968709894421
331,1993,1.0622453630012105
331,1994,1.0759326966490967
331,1995,1.0988789772063805
331,1996,1.129108654122174
331,1997,1.1589926409859581
331,1998,1.2044144478093992
331,1999,1.2438518682070696
331,2000,1.2692903650946377
331,2001,1.3049732020106497
331,2002,1.3351246924538103
331,2003,1.37728676396091
331,2004,1.4202615412547557
331,2005,1.470326130556896
331,2006,1.5088779123146687
331,2007,1.5475300094894422
331,2008,1.6070638753590927
331,2009,1.6364089132418667
331,2010,1.6669452338983815
331,2011,1.697005164848644
331,2012,1.72210383425341
331,2013,1.7360924704046306
331,2014,1.7587237555454447
331,2015,1.7693043700960966
331,2016,1.7909521362026632
331,2017,1.8120183833844425
331,2018,1.8370618172035216
331,2019,1.8690782787230331
331,2020,1.8755468785896976
331,2021,1.8911831083723571
331,2022,1.9025024416742635
331,2023,1.9238585940694644
331,2024,1.9438464056647236
332,1947,0.7843087154886388
332,1948,0.7896917082397691
332,1949,0.8068156298928544
332,1950,0.8292396371135898
332,1951,0.8478557133471798
332,1952,0.861064201052735
332,1953,0.8657491961928646
332,1954,0.8656573632343089
332,1955,0.8864218133453665
332,1956,0.91399880917627
332,1957,0.9235041890656341
332,1958,0.920069035905224
332,1959,0.9196024799030521
332,1960,0.9348184871252029
332,1961,0.9361475051418251
332,1962,0.9358752984219106
332,1963,0.9277814104277389
332,1964,0.9240105419401766
332,1965,0.9252989137764813
332,1966,0.9205998085599376
332,1967,0.9189009674249404
332,1968,0.921007982045569
332,1969,0.9177068443926014
332,1970,0.9186689602943839
332,1971,0.9030663203226801
332,1972,0.890203451138972
332,1973,0.8890804964025321
332,1974,0.8846208649019488
332,1975,0.904572802108436
332,1976,0.9036906572993146
332,1977,0.9220898845134108
332,1978,0.9295133009432405
332,1979,0.9518765773110421
332,1980,0.9707252878265665
332,1981,0.9677805436610248
332,1982,0.9651994798348753
332,1983,0.960140884657597
332,1984,0.9599663757313138
332,1985,0.9659663315853849
332,1986,0.9829709183362446
332,1987,1.0
332,1988,1.0097923560949893
332,1989,1.0119907484945456
332,1990,1.020517292218053
332,1991,1.0278588721788064
332,1992,1.0281333053403685
332,1993,1.0331302870045975
332,1994,1.0437476696940917
332,1995,1.0618380432802454
332,1996,1.0850057934679467
332,1997,1.1073431598713812
332,1998,1.1428688951336707
332,1999,1.1728357279696497
332,2000,1.1934125902787618
332,2001,1.2218270284374702
332,2002,1.2468783318010968
332,2003,1.2801772435198373
332,2004,1.3179696535487098
332,2005,1.3598326028142451
332,2006,1.3895802872185252
332,2007,1.4185279897494414
332,2008,1.4661190727974491
332,2009,1.489318017585659
332,2010,1.519188771906431
332,2011,1.548221388741367
332,2012,1.5743100081465264
332,2013,1.5846984164220808
332,2014,1.6065134759494988
332,2015,1.6168153241830445
332,2016,1.634768929305205
332,2017,1.6525601099303446
332,2018,1.6796850658318325
332,2019,1.704974459286486
332,2020,1.7094900971390723
332,2021,1.7510616286542988
332,2022,1.7764970718232491
332,2023,1.7894762065228946
332,2024,1.8111367256117703
333,1947,1.3774382030792398
333,1948,1.3842898636797807
333,1949,1.4178068395377046
333,1950,1.4340378775720661
333,1951,1.4520657725806958
333,1952,1.4641499364859416
333,1953,1.4756101416442176
333,1954,1.4825513207394507
333,1955,1.4873147403305262
333,1956,1.519369881410412
333,1957,1.5277590108017844
333,1958,1.5238123357394628
333,1959,1.532186545827195
333,1960,1.540193440987739
333,1961,1.538152661738881
333,1962,1.5320399822877686
333,1963,1.520236293540391
333,1964,1.5093251039757065
333,1965,1.498781303077799
333,1966,1.464594340241852
333,1967,1.4333246170441565
333,1968,1.4068928457552377
333,1969,1.377655453877801
333,1970,1.3516387039360185
333,1971,1.2968830979049923
333,1972,1.2428360739274822
333,1973,1.2217253723058725
333,1974,1.1657360400704901
333,1975,1.1552956170091866
333,1976,1.1248991355703133
333,1977,1.1147638798925428
333,1978,1.07340124030868
333,1979,1.0590104503409163
333,1980,1.042617496421822
333,1981,1.0239519613230874
333,1982,1.010860475167067
333,1983,1.001757603783914
333,1984,0.9950322083663632
333,1985,0.9958671833573994
333,1986,0.996106404460487
333,1987,1.0
333,1988,1.0001397867036994
333,1989,0.9980379067170673
333,1990,0.9964328297565859
333,1991,0.9928267118232548
333,1992,0.9820247931963708
333,1993,0.9757268190680904
333,1994,0.9771406293005038
333,1995,0.9807051550029208
333,1996,0.9841583185363724
333,1997,0.9909373470207743
333,1998,1.0054059361625651
333,1999,1.017776381902795
333,2000,1.0294884093721024
333,2001,1.0443569176839012
333,2002,1.056637183823895
333,2003,1.0769307409832543
333,2004,1.0990207514737658
333,2005,1.123527572703723
333,2006,1.1409456515015168
333,2007,1.1593006702030482
333,2008,1.1905230419429125
333,2009,1.2100689093782915
333,2010,1.2291770742834027
333,2011,1.2476994444278842
333,2012,1.2650323034936266
333,2013,1.2755997607905354
333,2014,1.2921774763441878
333,2015,1.3017640864848374
333,2016,1.3166878743157555
333,2017,1.3310191453379596
333,2018,1.3465017873757354
333,2019,1.3676494667695744
333,2020,1.3750168945405183
333,2021,1.3869874771183117
333,2022,1.3993512964598462
333,2023,1.4179324342388404
333,2024,1.4316639419229533
334,1947,1.1754735142361041
334,1948,1.168318439243452
334,1949,1.1911836898180248
334,1950,1.2035357631971497
334,1951,1.2130782340626078
334,1952,1.2157533673598437
334,1953,1.2196404982410882
334,1954,1.2256881141219858
334,1955,1.2194471703847205
334,1956,1.241095125875381
334,1957,1.2472829103786107
334,1958,1.2467129314006202
334,1959,1.2522176405392065
334,1960,1.256831948770473
334,1961,1.2538235568633977
334,1962,1.2506925329053504
334,1963,1.247390267085558
334,1964,1.2426215627688675
334,1965,1.237989973642866
334,1966,1.233847458264237
334,1967,1.231604563277544
334,1968,1.2290923224758519
334,1969,1.2201372725876702
334,1970,1.214106016467347
334,1971,1.1950062763006273
334,1972,1.1735626561989643
334,1973,1.165751153585889
334,1974,1.1439346361286726
334,1975,1.14457132356251
334,1976,1.1295921758441527
334,1977,1.121333432557638
334,1978,1.0943696985781257
334,1979,1.081188222949593
334,1980,1.0656502326454256
334,1981,1.048287568842669
334,1982,1.0333311630403004
334,1983,1.0189063360686486
334,1984,1.0068852807678161
334,1985,1.0024617633226816
334,1986,0.9993424624794275
334,1987,1.0
334,1988,0.9995698078372103
334,1989,0.9974653847249608
334,1990,0.9973728791137253
334,1991,0.9937632592221415
334,1992,0.9828228210704557
334,1993,0.9757106898305461
334,1994,0.977212424882319
334,1995,0.9854139604406721
334,1996,0.9959369059119859
334,1997,1.00816204270397
334,1998,1.0269966407456834
334,1999,1.0426532813306881
334,2000,1.0535040044230959
334,2001,1.0683016156192522
334,2002,1.0770231912102457
334,2003,1.0861567155414258
334,2004,1.0921575920157771
334,2005,1.0847020109948842
334,2006,1.0784543893469591
334,2007,1.0772767525251088
334,2008,1.0724167679277887
334,2009,1.069973377620347
334,2010,1.0724515299448294
334,2011,1.0728640651698682
334,2012,1.071893972270518
334,2013,1.0711198249358154
334,2014,1.0672875506118478
334,2015,1.0607295277584508
334,2016,1.0566877629155442
334,2017,1.0571421132041687
334,2018,1.0533509506623384
334,2019,1.0500743211646333
334,2020,1.0492249760122976
334,2021,1.0408981726729667
334,2022,1.0213040123596429
334,2023,1.0249514868383838
334,2024,1.0310209377242037
335,1947,0.8736187828754295
335,1948,0.8752424031836282
335,1949,0.890282450204805
335,1950,0.9109500683001737
335,1951,0.9315182058442198
335,1952,0.924898118779744
335,1953,0.9282601277263297
335,1954,0.934938471425169
335,1955,0.9464460483026715
335,1956,0.979283886132068
335,1957,0.9884979991370261
335,1958,0.9908057718858228
335,1959,0.9913119657489164
335,1960,0.9960334258329421
335,1961,0.993449743581939
335,1962,0.9950497145560668
335,1963,0.9975036408028578
335,1964,1.0017072723139162
335,1965,1.0085168362051617
335,1966,1.0235560893790232
335,1967,1.0359815963380932
335,1968,1.0462124795378402
335,1969,1.0501921523565072
335,1970,1.0582023766633106
335,1971,1.062434184499724
335,1972,1.0639490016257702
335,1973,1.0655371490401877
335,1974,1.0566653643744226
335,1975,1.0754506780544724
335,1976,1.0765582178265019
335,1977,1.0656779679062311
335,1978,1.0449586507242308
335,1979,1.040282211932612
335,1980,1.0382981864560334
335,1981,1.0292410002709445
335,1982,1.0185687898175793
335,1983,1.0043358436749552
335,1984,0.991858986137257
335,1985,0.9899547872285441
335,1986,0.9912977626671527
335,1987,1.0
335,1988,1.0049955270845226
335,1989,1.006427777427536
335,1990,1.0120178201499634
335,1991,1.0148823703253183
335,1992,1.0105302156636604
335,1993,1.0095137361090747
335,1994,1.0150900985181173
335,1995,1.0263100336387805
335,1996,1.0396998817221599
335,1997,1.0554671408640932
335,1998,1.08130286188539
335,1999,1.1017578037756783
335,2000,1.1159566217113237
335,2001,1.1340186195396393
335,2002,1.14717337474464
335,2003,1.1679997769661212
335,2004,1.1885202808261022
335,2005,1.201350149232282
335,2006,1.211970258347545
335,2007,1.2249619808560248
335,2008,1.2444013727781724
335,2009,1.2554350309912463
335,2010,1.2745096716087219
335,2011,1.2907802075110135
335,2012,1.3037002680558953
335,2013,1.3145146447091187
335,2014,1.3300783031068077
335,2015,1.3389075028785418
335,2016,1.3544451043695866
335,2017,1.3683965103795093
335,2018,1.37849914963452
335,2019,1.3950660947234401
335,2020,1.4019942986039045
335,2021,1.4099691163127075
335,2022,1.4158854256024236
335,2023,1.4306698016345607
335,2024,1.442655885543628
3361MV,1947,0.6997351430248564
3361MV,1948,0.7103481746282154
3361MV,1949,0.7316548215607825
3361MV,1950,0.753322130261392
3361MV,1951,0.7758620125605601
3361MV,1952,0.7895807394279739
3361MV,1953,0.7925044026705156
3361MV,1954,0.7941906680907321
3361MV,1955,0.8171906447422397
3361MV,1956,0.846845322144726
3361MV,1957,0.8554929651306918
3361MV,1958,0.854060824412784
3361MV,1959,0.8586899829393871
3361MV,1960,0.8787135098030306
3361MV,1961,0.8840051484221013
3361MV,1962,0.8939563329954056
3361MV,1963,0.8954653954283657
3361MV,1964,0.8991455209963151
3361MV,1965,0.9095110068607126
3361MV,1966,0.9162801833235247
3361MV,1967,0.9199438327417516
3361MV,1968,0.9286497537147825
3361MV,1969,0.9289014636840429
3361MV,1970,0.9366322531720451
3361MV,1971,0.9261933891248681
3361MV,1972,0.921379926575345
3361MV,1973,0.9254898474126713
3361MV,1974,0.9262472238052479
3361MV,1975,0.9502125052661752
3361MV,1976,0.9504988334525107
3361MV,1977,0.968986925984925
3361MV,1978,0.9706827077542624
3361MV,1979,0.9955345620271501
3361MV,1980,1.013876795979396
3361MV,1981,1.0046144102037122
3361MV,1982,0.996490108813327
3361MV,1983,0.9799285167557032
3361MV,1984,0.9728423844252028
3361MV,1985,0.9710021709987345
3361MV,1986,0.9850311074981499
3361MV,1987,1.0
3361MV,1988,1.0056652628620069
3361MV,1989,1.0039951624311445
3361MV,1990,1.0124802590435718
3361MV,1991,1.0234542602984036
3361MV,1992,1.029545922804918
3361MV,1993,1.038790522074026
3361MV,1994,1.051870032973644
3361MV,1995,1.073133583804356
3361MV,1996,1.1008899279452917
3361MV,1997,1.1279115237128579
3361MV,1998,1.170072943270053
3361MV,1999,1.2075552642437135
3361MV,2000,1.232379212310688
3361MV,2001,1.2665537070426796
3361MV,2002,1.2947243903886698
3361MV,2003,1.3343979385707827
3361MV,2004,1.370479805199881
3361MV,2005,1.4115621454563223
3361MV,2006,1.4461142683971573
3361MV,2007,1.4765283420981634
3361MV,2008,1.52420585620497
3361MV,2009,1.5527935378506086
3361MV,2010,1.581467142146855
3361MV,2011,1.6072229888761134
3361MV,2012,1.6334791393565262
3361MV,2013,1.6478012203740475
3361MV,2014,1.6717199591597283
3361MV,2015,1.6839836325264843
3361MV,2016,1.7054471950855024
3361MV,2017,1.7248356221986478
3361MV,2018,1.7450399790190971
3361MV,2019,1.7720393285461193
3361MV,2020,1.7802301510267342
3361MV,2021,1.7867952712603679
3361MV,2022,1.7988614901897806
3361MV,2023,1.821548161922721
3361MV,2024,1.8366936010199806
3364OT,1947,0.937890007370056
3364OT,1948,0.9432066399280207
3364OT,1949,0.9618989693839957
3364OT,1950,0.963842529652166
3364OT,1951,0.9696613391627448
3364OT,1952,0.9829288274762266
3364OT,1953,0.990119312102386
3364OT,1954,0.9917212136764684
3364OT,1955,0.9900992395525697
3364OT,1956,1.014982086006522
3364OT,1957,1.0249162312064002
3364OT,1958,1.0232296111652261
3364OT,1959,1.0271195973178056
3364OT,1960,1.0335621454125905
3364OT,1961,1.0346373288735367
3364OT,1962,1.0391102571417723
3364OT,1963,1.035206797195012
3364OT,1964,1.0356446939761916
3364OT,1965,1.0321547617013882
3364OT,1966,1.0366342503156534
3364OT,1967,1.0363788785345869
3364OT,1968,1.0395672462294774
3364OT,1969,1.0321325164746944
3364OT,1970,1.030125391775059
3364OT,1971,1.0183666302602763
3364OT,1972,1.0061513047267878
3364OT,1973,1.0009706337523328
3364OT,1974,0.9940460347565674
3364OT,1975,1.0063059891723247
3364OT,1976,1.0009309361920744
3364OT,1977,1.0157249594661382
3364OT,1978,1.0249679726558458
3364OT,1979,1.0383513578217005
3364OT,1980,1.0528555241068773
3364OT,1981,1.0516395007851123
3364OT,1982,1.0583224682999597
3364OT,1983,1.054267747524209
3364OT,1984,1.0449982692747861
3364OT,1985,1.0379347060463446
3364OT,1986,1.0202001228652964
3364OT,1987,1.0
3364OT,1988,0.9871453133089381
3364OT,1989,0.9781180584300181
3364OT,1990,0.9703512978445179
3364OT,1991,0.9671106134582057
3364OT,1992,0.9616893288783829
3364OT,1993,0.9597513370544669
3364OT,1994,0.9638108623868196
3364OT,1995,0.9690670601737887
3364OT,1996,0.9767676769623651
3364OT,1997,0.985732199376123
3364OT,1998,0.9994393334218143
3364OT,1999,1.012350483539696
3364OT,2000,1.028822016822085
3364OT,2001,1.0533291758601717
3364OT,2002,1.0704364353831617
3364OT,2003,1.0932456302268199
3364OT,2004,1.1163302142061096
3364OT,2005,1.138908834862857
3364OT,2006,1.1587775823466782
3364OT,2007,1.1735754660988431
3364OT,2008,1.1959747441526085
3364OT,2009,1.2131820780302198
3364OT,2010,1.2283072762722165
3364OT,2011,1.24032248689996
3364OT,2012,1.2570437478037022
3364OT,2013,1.2719383046958928
3364OT,2014,1.2933245662427704
3364OT,2015,1.3098421854164775
3364OT,2016,1.3300572218950375
3364OT,2017,1.3519362688181655
3364OT,2018,1.3719918042128754
3364OT,2019,1.3986879958861336
3364OT,2020,1.4148917461658364
3364OT,2021,1.4143533152213368
3364OT,2022,1.4211501300589024
3364OT,2023,1.4447934158352107
3364OT,2024,1.460758697702289
337,1947,0.7363830048154828
337,1948,0.7360935844055776
337,1949,0.7644115925696935
337,1950,0.766050799785563
337,1951,0.799941660297429
337,1952,0.8007482396722801
337,1953,0.7982408828093192
337,1954,0.8075569869649967
337,1955,0.821032416045469
337,1956,0.8388679439564212
337,1957,0.8473269801346618
337,1958,0.8499487135212429
337,1959,0.8374003511267386
337,1960,0.852777689071027
337,1961,0.8696488655030226
337,1962,0.8730745941183234
337,1963,0.8626682476333185
337,1964,0.878207970779706
337,1965,0.8817206525409627
337,1966,0.8837669151181309
337,1967,0.8944744148498402
337,1968,0.896205611212916
337,1969,0.9004471936551373
337,1970,0.9022139434072378
337,1971,0.9005484405970453
337,1972,0.9006934131766724
337,1973,0.9074622367538527
337,1974,0.9176875196555117
337,1975,0.9286258641309879
337,1976,0.9315332726578612
337,1977,0.9405129153796474
337,1978,0.9394609910928217
337,1979,0.9499000819716186
337,1980,0.9533910238093564
337,1981,0.9504076402289632
337,1982,0.9460724744999451
337,1983,0.9491392022382302
337,1984,0.9551623333537594
337,1985,0.9616841062291018
337,1986,0.9814292745003598
337,1987,1.0
337,1988,1.014926583796211
337,1989,1.0179489053957103
337,1990,1.0306156074052764
337,1991,1.0382582352974328
337,1992,1.043773885919327
337,1993,1.0503520641457054
337,1994,1.0613944881901798
337,1995,1.0819707568416643
337,1996,1.1077176009433702
337,1997,1.1328485313638155
337,1998,1.1702582784207076
337,1999,1.2019856348736317
337,2000,1.220240812771627
337,2001,1.2444942810996082
337,2002,1.2612450286895691
337,2003,1.2903353346135231
337,2004,1.3172478691233187
337,2005,1.3364014967486761
337,2006,1.3521494872803284
337,2007,1.3682309797891876
337,2008,1.3890691657280128
337,2009,1.4036112410286328
337,2010,1.4189651289228187
337,2011,1.4313287230240634
337,2012,1.4454266085861314
337,2013,1.4556884576861404
337,2014,1.471033249133971
337,2015,1.48338243746104
337,2016,1.4992116675534766
337,2017,1.5148554202003905
337,2018,1.5337251612681504
337,2019,1.554012823654882
337,2020,1.5643152979458936
337,2021,1.582967137608463
337,2022,1.6011124444119755
337,2023,1.613970390068083
337,2024,1.6192830208883835
339,1947,0.9990811600749302
339,1948,0.9795082461674528
339,1949,0.9891734597539225
339,1950,0.9986305646678129
339,1951,1.001618255151649
339,1952,0.9974221786020945
339,1953,1.0058963506715084
339,1954,1.0075301995584192
339,1955,1.027797210148602
339,1956,1.0263327531387065
339,1957,1.0254465198434297
339,1958,1.0108863984670373
339,1959,1.0053111786114999
339,1960,1.013826001804385
339,1961,1.0172770181729949
339,1962,1.0192785741342414
339,1963,1.0162285312230268
339,1964,1.0151149720714534
339,1965,1.0166192378073997
339,1966,1.0171565035405754
339,1967,1.016464650882156
339,1968,1.015978868010865
339,1969,1.0118070345590768
339,1970,1.0126217540159377
339,1971,0.9956494056170848
339,1972,0.9826389973931875
339,1973,0.9843050526633418
339,1974,0.9741195326970206
339,1975,0.9790902540144623
339,1976,0.9700584175725435
339,1977,0.9851051572988605
339,1978,0.9846713663853954
339,1979,0.9871747218745872
339,1980,0.9911161013352585
339,1981,0.9804709146930114
339,1982,0.9736371739183982
339,1983,0.9719946444593034
339,1984,0.9718735727759593
339,1985,0.9720397744581505
339,1986,0.9864283892267423
339,1987,1.0
339,1988,1.005369631987812
339,1989,1.0045792173173012
339,1990,1.00393067551702
339,1991,1.001037921248616
339,1992,0.9930795733545097
339,1993,0.9871165732061189
339,1994,0.989206665048486
339,1995,0.996964690729668
339,1996,1.0052984193656793
339,1997,1.0160059821453236
339,1998,1.034936763471755
339,1999,1.0507627070530856
339,2000,1.061384835951903
339,2001,1.0754889815151794
339,2002,1.0864964164806232
339,2003,1.0974956895901797
339,2004,1.1065962087052585
339,2005,1.1158280126645765
339,2006,1.125540536648164
339,2007,1.140496497978962
339,2008,1.159610396174352
339,2009,1.170319588235695
339,2010,1.181176660348749
339,2011,1.1832541256977727
339,2012,1.183290137241251
339,2013,1.177035430541388
339,2014,1.1735118012996757
339,2015,1.178459925345686
339,2016,1.1849087670040248
339,2017,1.184965536455215
339,2018,1.1756373084947807
339,2019,1.1755377418331594
339,2020,1.1785576381782163
339,2021,1.176858551606221
339,2022,1.1560324245791007
339,2023,1.1683999320033418
339,2024,1.1833566712191288
311FT,1947,0.8385314722295921
311FT,1948,0.8366338908986122
311FT,1949,0.83016821602769
311FT,1950,0.8276051860313566
311FT,1951,0.8423485688987489
311FT,1952,0.8391690191606973
311FT,1953,0.8402635505717863
311FT,1954,0.8428432988863463
311FT,1955,0.8548259523641261
311FT,1956,0.8659967465749981
311FT,1957,0.8696744961493942
311FT,1958,0.8681231874892797
311FT,1959,0.8666316330732341
311FT,1960,0.8717808763522389
311FT,1961,0.8703986278424021
311FT,1962,0.8710272136683516
311FT,1963,0.8729524706615761
311FT,1964,0.8737418745791377
311FT,1965,0.8761887252583443
311FT,1966,0.8763330683675973
311FT,1967,0.8792694060687578
311FT,1968,0.8759536187567953
311FT,1969,0.872876759415863
311FT,1970,0.8725388010037466
311FT,1971,0.8745119705536405
311FT,1972,0.871128619496112
311FT,1973,0.8704881029394473
311FT,1974,0.8714668324287781
311FT,1975,0.8827832019369105
311FT,1976,0.883798087055068
311FT,1977,0.8956312035801047
311FT,1978,0.9081347288496868
311FT,1979,0.9202728904338241
311FT,1980,0.9344025389055721
311FT,1981,0.9392770835889653
311FT,1982,0.9391508683131367
311FT,1983,0.9488178818526996
311FT,1984,0.9584119073214826
311FT,1985,0.9702192496897294
311FT,1986,0.9840354641890536
311FT,1987,1.0
311FT,1988,1.0169018456389516
311FT,1989,1.027357970312904
311FT,1990,1.0423382253998263
311FT,1991,1.0536172242416615
311FT,1992,1.068340724972898
311FT,1993,1.0820614529883439
311FT,1994,1.0945795045582674
311FT,1995,1.1177815678897605
311FT,1996,1.1473546190557238
311FT,1997,1.1743601126065661
311FT,1998,1.2129407035832318
311FT,1999,1.2487025120102013
311FT,2000,1.2696121294258644
311FT,2001,1.3038126049990206
311FT,2002,1.3329405433866637
311FT,2003,1.37642414960939
311FT,2004,1.4226019118498883
311FT,2005,1.463701520704689
311FT,2006,1.5068773037007974
311FT,2007,1.5539806073474578
311FT,2008,1.6095176356154786
311FT,2009,1.6428765650219712
311FT,2010,1.6759894517929104
311FT,2011,1.7059615240166508
311FT,2012,1.7315919200001786
311FT,2013,1.7480013759492168
311FT,2014,1.771431421093041
311FT,2015,1.7893073030843984
311FT,2016,1.8105762334039126
311FT,2017,1.8334178544522584
311FT,2018,1.857943995881992
311FT,2019,1.8796985344124084
311FT,2020,1.894458230928382
311FT,2021,1.9190607173484762
311FT,2022,1.938862928836637
311FT,2023,1.958686441929086
311FT,2024,1.9724864925222596
313TT,1947,0.562276400120164
313TT,1948,0.5635557338905667
313TT,1949,0.5673790683362949
313TT,1950,0.5759318512615114
313TT,1951,0.591928081456039
313TT,1952,0.5829659317285014
313TT,1953,0.5862209498479573
313TT,1954,0.5891915647130198
313TT,1955,0.6097423225771528
313TT,1956,0.6136208590626832
313TT,1957,0.6223427403512373
313TT,1958,0.6228604106031335
313TT,1959,0.6259501364945723
313TT,1960,0.6335956942510194
313TT,1961,0.6383175089429864
313TT,1962,0.6414670142163266
313TT,1963,0.6524104307594514
313TT,1964,0.6600100199233202
313TT,1965,0.6674597225386957
313TT,1966,0.6787827759071355
313TT,1967,0.6925506133911873
313TT,1968,0.6988851245279953
313TT,1969,0.7047467647929784
313TT,1970,0.7076209361552228
313TT,1971,0.7115883750506053
313TT,1972,0.7113603216209752
313TT,1973,0.7167113977978803
313TT,1974,0.7384647338757465
313TT,1975,0.764431931463687
313TT,1976,0.7752909524073136
313TT,1977,0.7998433029582875
313TT,1978,0.8243220596178839
313TT,1979,0.8455296735352338
313TT,1980,0.8628558775343322
313TT,1981,0.8761493774720136
313TT,1982,0.8755976603120453
313TT,1983,0.8920534295084088
313TT,1984,0.9093975386525689
313TT,1985,0.9283975549346872
313TT,1986,0.9624595264837551
313TT,1987,1.0
313TT,1988,1.0252981320568157
313TT,1989,1.0363833483967466
313TT,1990,1.0625104785896295
313TT,1991,1.0856951466494367
313TT,1992,1.1098329196366046
313TT,1993,1.130217903768084
313TT,1994,1.149139192281914
313TT,1995,1.1843552048337895
313TT,1996,1.2304480958498734
313TT,1997,1.270494358260751
313TT,1998,1.3257588738099697
313TT,1999,1.3756092152891015
313TT,2000,1.398278453427233
313TT,2001,1.431755666277841
313TT,2002,1.4514823765340452
313TT,2003,1.489371780528009
313TT,2004,1.5314216151214801
313TT,2005,1.5527661041481369
313TT,2006,1.5837894058307358
313TT,2007,1.6186195106524408
313TT,2008,1.6498225926304606
313TT,2009,1.667752607881935
313TT,2010,1.6945550775012592
313TT,2011,1.7203442193944851
313TT,2012,1.7371570919575727
313TT,2013,1.7475046990867256
313TT,2014,1.7664190703551361
313TT,2015,1.7796378182677113
313TT,2016,1.7993551199715305
313TT,2017,1.821148689102177
313TT,2018,1.8450852075448543
313TT,2019,1.8639209754059785
313TT,2020,1.8836563255056216
313TT,2021,1.8966153569393185
313TT,2022,1.8805107191191213
313TT,2023,1.885920735455297
313TT,2024,1.8918860836619509
315AL,1947,0.7184870673020112
315AL,1948,0.7233658442604585
315AL,1949,0.7450892281404504
315AL,1950,0.7464548656937208
315AL,1951,0.765205054437809
315AL,1952,0.7556876523534775
315AL,1953,0.7624991473510594
315AL,1954,0.7621391971874582
315AL,1955,0.7754270087142355
315AL,1956,0.7844002081382895
315AL,1957,0.8060885039780106
315AL,1958,0.8059721457982183
315AL,1959,0.8034333706104066
315AL,1960,0.8231189038857357
315AL,1961,0.8150031838947719
315AL,1962,0.8280772710628114
315AL,1963,0.8408653585416408
315AL,1964,0.850119696808342
315AL,1965,0.8589289702979568
315AL,1966,0.8657047292702355
315AL,1967,0.8627064509477098
315AL,1968,0.8536935407077624
315AL,1969,0.8544946005707986
315AL,1970,0.8515483940518315
315AL,1971,0.8507574282764039
315AL,1972,0.8482459983194346
315AL,1973,0.8505984343985235
315AL,1974,0.8659998993229606
315AL,1975,0.8847136213962731
315AL,1976,0.8909436170778692
315AL,1977,0.9043557971293267
315AL,1978,0.9111036980042237
315AL,1979,0.9191470094027179
315AL,1980,0.923755930142881
315AL,1981,0.9286394482873384
315AL,1982,0.9207383596830742
315AL,1983,0.9244629828334648
315AL,1984,0.9317139874004887
315AL,1985,0.9441054731459116
315AL,1986,0.968656168042303
315AL,1987,1.0
315AL,1988,1.0196769269265251
315AL,1989,1.0268863260508816
315AL,1990,1.045530194178971
315AL,1991,1.0597172387515046
315AL,1992,1.0737515104528308
315AL,1993,1.0849418096790413
315AL,1994,1.0978694691234585
315AL,1995,1.1214596182220344
315AL,1996,1.151610269554355
315AL,1997,1.1779416275257697
315AL,1998,1.213802326712755
315AL,1999,1.2475224921606987
315AL,2000,1.266000117931379
315AL,2001,1.294292436661026
315AL,2002,1.3097835411975616
315AL,2003,1.3378784355535138
315AL,2004,1.3643077190737292
315AL,2005,1.3754817730055784
315AL,2006,1.3894751584806448
315AL,2007,1.4031630096423648
315AL,2008,1.4116175728175033
315AL,2009,1.4138198314639474
315AL,2010,1.4243079488055173
315AL,2011,1.4292163639479596
315AL,2012,1.4295109752243251
315AL,2013,1.4303826723298005
315AL,2014,1.4286833888248633
315AL,2015,1.4130426402585656
315AL,2016,1.3987569201116237
315AL,2017,1.394941932526857
315AL,2018,1.3935189781452153
315AL,2019,1.379144735542501
315AL,2020,1.3682949187229758
315AL,2021,1.3749057493248744
315AL,2022,1.3646762541847033
315AL,2023,1.3570548528784299
315AL,2024,1.3608224537533633
322,1947,0.6297392745593523
322,1948,0.6376338256091508
322,1949,0.6365836363880911
322,1950,0.6400702467567145
322,1951,0.6583790257805765
322,1952,0.6526871219606971
322,1953,0.6566494026576339
322,1954,0.6588734142361672
322,1955,0.6719862904623474
322,1956,0.6883646170428737
322,1957,0.695190810779519
322,1958,0.6890861320565596
322,1959,0.6902639198431355
322,1960,0.7004344131484957
322,1961,0.6960128943977174
322,1962,0.6992870500817099
322,1963,0.7066896296397629
322,1964,0.7122261054968116
322,1965,0.7170874427108496
322,1966,0.7281695019030091
322,1967,0.7407290497364083
322,1968,0.747055291542219
322,1969,0.7512457680932159
322,1970,0.7560169625469239
322,1971,0.7652999955784814
322,1972,0.7672317411843279
322,1973,0.7694250022288892
322,1974,0.7793255346707479
322,1975,0.8125898070964529
322,1976,0.8188568825257013
322,1977,0.8373441306057229
322,1978,0.8566440602758084
322,1979,0.8756629591921182
322,1980,0.8962802741305906
322,1981,0.9043643992438483
322,1982,0.9047402199368125
322,1983,0.9188457667169339
322,1984,0.932283760963196
322,1985,0.9469805730790501
322,1986,0.9713038823500754
322,1987,1.0
322,1988,1.024817123901412
322,1989,1.038207419672444
322,1990,1.0646144600804097
322,1991,1.0851099148686936
322,1992,1.106000943916052
322,1993,1.1232253210217855
322,1994,1.1401717925849755
322,1995,1.1713229748128393
322,1996,1.2116886957473239
322,1997,1.24749926582028
322,1998,1.2977686842783958
322,1999,1.3445381018342393
322,2000,1.368742232002172
322,2001,1.4077426116891014
322,2002,1.436646315897073
322,2003,1.4854813580003874
322,2004,1.537061083872256
322,2005,1.5753489527298812
322,2006,1.617503445309722
322,2007,1.6640612547709441
322,2008,1.7143630992060068
322,2009,1.7470679592784026
322,2010,1.7822867889906437
322,2011,1.8137052298472198
322,2012,1.8366751567008435
322,2013,1.8535126418345973
322,2014,1.877396374078663
322,2015,1.895179969049807
322,2016,1.9196193936458765
322,2017,1.946284034090787
322,2018,1.972412137400415
322,2019,1.9997838257789045
322,2020,2.020199618407598
322,2021,2.03208825617325
322,2022,2.024415934266639
322,2023,2.042834357527357
322,2024,2.055166060606195
323,1947,0.6672843150862976
323,1948,0.6662268698078646
323,1949,0.673783818615313
323,1950,0.6825826279760355
323,1951,0.6921330566958763
323,1952,0.6899744660304931
323,1953,0.6915049327309967
323,1954,0.700146515233299
323,1955,0.7126446413209384
323,1956,0.7146139681129715
323,1957,0.7254645414294423
323,1958,0.7226953347005819
323,1959,0.7227586950124152
323,1960,0.7308988079957197
323,1961,0.7373858695093912
323,1962,0.7395793819939235
323,1963,0.7532912150205264
323,1964,0.7612804213292607
323,1965,0.7677168440183614
323,1966,0.7791835105951077
323,1967,0.7924790202701181
323,1968,0.7960654054126047
323,1969,0.8018559518720635
323,1970,0.8040387337452253
323,1971,0.8097954453934171
323,1972,0.8079054098300792
323,1973,0.8131465975101285
323,1974,0.8287006998053834
323,1975,0.8453389907917044
323,1976,0.8491899261662267
323,1977,0.8668500259732642
323,1978,0.8772411724192755
323,1979,0.889800756600618
323,1980,0.9000171318540371
323,1981,0.906517228890148
323,1982,0.90150675354836
323,1983,0.9154506228987563
323,1984,0.9289504291311127
323,1985,0.94196198027901
323,1986,0.9703200780973343
323,1987,1.0
323,1988,1.019518392236739
323,1989,1.0262198652322028
323,1990,1.042808042780082
323,1991,1.055365885193528
323,1992,1.0671586817036973
323,1993,1.0742884948754534
323,1994,1.0829253288784915
323,1995,1.1006487868507364
323,1996,1.1193118384797056
323,1997,1.1353574138117493
323,1998,1.158919691443756
323,1999,1.183718510782729
323,2000,1.1964887224507375
323,2001,1.2181412096843791
323,2002,1.232021030170199
323,2003,1.2601544208769244
323,2004,1.2904122969509584
323,2005,1.3020192850430035
323,2006,1.3174835700571885
323,2007,1.3372673279268175
323,2008,1.355961664524238
323,2009,1.3675111409646687
323,2010,1.386755955283984
323,2011,1.4010895879758032
323,2012,1.4129125859423595
323,2013,1.4224666885813537
323,2014,1.438004303238451
323,2015,1.4489331416189009
323,2016,1.4647475989357568
323,2017,1.4824295396944223
323,2018,1.4986737954199885
323,2019,1.5127062879248452
323,2020,1.5242535729199729
323,2021,1.52626832204809
323,2022,1.5121993322416412
323,2023,1.5185297895742902
323,2024,1.5219784248039538
324,1947,0.7761283800463158
324,1948,0.78136396739259
324,1949,0.7860421363243761
324,1950,0.791283733896468
324,1951,0.8079629735567864
324,1952,0.8001570862438121
324,1953,0.8056874608575465
324,1954,0.8111872550289531
324,1955,0.8257467897708651
324,1956,0.8366309703485433
324,1957,0.8472461908197201
324,1958,0.8469357242641536
324,1959,0.8520220668402639
324,1960,0.8566157617454937
324,1961,0.854568812312947
324,1962,0.8506651300251737
324,1963,0.8518926590546899
324,1964,0.8490012187181268
324,1965,0.8457359605334493
324,1966,0.8404417772139667
324,1967,0.8469830650244173
324,1968,0.8516935394236427
324,1969,0.8548944679563533
324,1970,0.858391101232585
324,1971,0.8633741058919674
324,1972,0.857665585059125
324,1973,0.8575184246361263
324,1974,0.8524852165378705
324,1975,0.8725460705113784
324,1976,0.8816503641307933
324,1977,0.8941626732432867
324,1978,0.8969736236131857
324,1979,0.9075581443187603
324,1980,0.9181315869717711
324,1981,0.9198211776347223
324,1982,0.9127327542759601
324,1983,0.925586236471182
324,1984,0.9398053546875696
324,1985,0.952408197320173
324,1986,0.9765813311694547
324,1987,1.0
324,1988,1.0155586716013842
324,1989,1.0237887041698739
324,1990,1.0410694600584647
324,1991,1.0542984628472811
324,1992,1.0703164272311492
324,1993,1.0838796121499306
324,1994,1.097820147908566
324,1995,1.1222706556673585
324,1996,1.1540962514461068
324,1997,1.1833394433580953
324,1998,1.223941010041683
324,1999,1.2629085249646557
324,2000,1.2854285893660526
324,2001,1.3202517970330734
324,2002,1.3470270251553447
324,2003,1.3876705595397416
324,2004,1.4291992176281125
324,2005,1.468045138788963
324,2006,1.5105481619395085
324,2007,1.5561223601921217
324,2008,1.6111319577841654
324,2009,1.6444851216451704
324,2010,1.6758040811437844
324,2011,1.7042520586573033
324,2012,1.7290830924344363
324,2013,1.7471378309788317
324,2014,1.7691436376202345
324,2015,1.784818901196278
324,2016,1.8025693733568575
324,2017,1.8229179263078636
324,2018,1.8441734364342377
324,2019,1.8698813703854884
324,2020,1.8804227591719518
324,2021,1.8965868112040298
324,2022,1.9174008295130949
324,2023,1.9468866300698395
324,2024,1.9621290706005743
325,1947,0.8678057125639815
325,1948,0.8754280833150165
325,1949,0.8789401791885978
325,1950,0.8809250220993233
325,1951,0.902543038671127
325,1952,0.8901557988426569
325,1953,0.8988380149432816
325,1954,0.9037524540564739
325,1955,0.9103948351565615
325,1956,0.9277353693861417
325,1957,0.9367237435178987
325,1958,0.9351362626807984
325,1959,0.9380446928791684
325,1960,0.9455908798006082
325,1961,0.9433631914090415
325,1962,0.9430435751276349
325,1963,0.9442175324702976
325,1964,0.9428776598533706
325,1965,0.9445586608753042
325,1966,0.9473889855967026
325,1967,0.9518141873326473
325,1968,0.9499678845444761
325,1969,0.9482470322426113
325,1970,0.9502867241248877
325,1971,0.9557728770426194
325,1972,0.952140211844119
325,1973,0.9500107288798456
325,1974,0.9387311616886636
325,1975,0.944994271855755
325,1976,0.9464496779322172
325,1977,0.9490714345933283
325,1978,0.9544566874227418
325,1979,0.9617165157288625
325,1980,0.9753194218387423
325,1981,0.9772783201428251
325,1982,0.9749581908976138
325,1983,0.9794947211269087
325,1984,0.9801547828928919
325,1985,0.9852191787605178
325,1986,0.9904137972199166
325,1987,1.0
325,1988,1.013961700210011
325,1989,1.0206845400654536
325,1990,1.0306879765172146
325,1991,1.0353790661823912
325,1992,1.0404718496253924
325,1993,1.041712212089524
325,1994,1.0448580970021553
325,1995,1.052935095099938
325,1996,1.0607692242216367
325,1997,1.0687348989760181
325,1998,1.0823600337517787
325,1999,1.0969507832831042
325,2000,1.1088385957951614
325,2001,1.1285212329838186
325,2002,1.1470293283900481
325,2003,1.173384624339218
325,2004,1.1991186056072283
325,2005,1.2197755292716628
325,2006,1.243581999832169
325,2007,1.2730642606031333
325,2008,1.3087959558177484
325,2009,1.3300156833104375
325,2010,1.3506042351502765
325,2011,1.3677110219797382
325,2012,1.3819958328076976
325,2013,1.3917699745519323
325,2014,1.4063110355671409
325,2015,1.4187119394354253
325,2016,1.4352368625847025
325,2017,1.4524400326829114
325,2018,1.4702678164636143
325,2019,1.486666672172481
325,2020,1.4986254434601185
325,2021,1.512926043577363
325,2022,1.5218582215735554
325,2023,1.5378176574012872
325,2024,1.551594571864405
326,1947,0.5485594642909416
326,1948,0.5551150830890582
326,1949,0.5650975427476511
326,1950,0.5738935431217358
326,1951,0.590013429942904
326,1952,0.5891813397590635
326,1953,0.5927352056561467
326,1954,0.5946745700201137
326,1955,0.6127361515712589
326,1956,0.6232604402109579
326,1957,0.6314772090922671
326,1958,0.6313539323130013
326,1959,0.6339489500824737
326,1960,0.6444204942654869
326,1961,0.647930906232722
326,1962,0.6555043410464667
326,1963,0.6640896280770414
326,1964,0.6708218631822925
326,1965,0.6789862957721816
326,1966,0.692720697518239
326,1967,0.70041605546778
326,1968,0.7088279451979974
326,1969,0.7119135000306319
326,1970,0.7171178660306977
326,1971,0.71767908337135
326,1972,0.7179604543856217
326,1973,0.7239620644100613
326,1974,0.7405922821816426
326,1975,0.7665345202038343
326,1976,0.772968415406015
326,1977,0.7935325128761068
326,1978,0.813208676363414
326,1979,0.8379550918862182
326,1980,0.8613109578083972
326,1981,0.8720266180550077
326,1982,0.8746282105900596
326,1983,0.8876473482476838
326,1984,0.9042776443347779
326,1985,0.9226466513593433
326,1986,0.9607605415409977
326,1987,1.0
326,1988,1.026048095338942
326,1989,1.0365322107734243
326,1990,1.0628673857143345
326,1991,1.088501317442462
326,1992,1.1136713971056587
326,1993,1.1374982765377255
326,1994,1.1601029680362
326,1995,1.1984931059831254
326,1996,1.2486254937802113
326,1997,1.2922608189680782
326,1998,1.35351831290316
326,1999,1.4073220580248005
326,2000,1.4347623298396328
326,2001,1.4747151143159158
326,2002,1.5011338420840599
326,2003,1.5496620371461318
326,2004,1.6025175373291014
326,2005,1.636134048858539
326,2006,1.675190188856989
326,2007,1.7180927179287664
326,2008,1.7600500607410878
326,2009,1.7841755735481988
326,2010,1.8161444958488266
326,2011,1.8449310131205912
326,2012,1.8647711579811566
326,2013,1.87772822052145
326,2014,1.8982175050046062
326,2015,1.9125492308350267
326,2016,1.9350387731379521
326,2017,1.9598033179563612
326,2018,1.9852589515810903
326,2019,2.008208961922136
326,2020,2.0286648194775045
326,2021,2.044760515637015
326,2022,2.028337173651334
326,2023,2.0381679801319614
326,2024,2.048655102777796
42,1947,1.5142595204453115
42,1948,1.4999848714084554
42,1949,1.4794044630714804
42,1950,1.456344588279567
42,1951,1.4505600349792414
42,1952,1.4576908037593308
42,1953,1.4500824972952469
42,1954,1.4402205931808292
42,1955,1.4248325677343188
42,1956,1.4114284189497366
42,1957,1.3973876498706042
42,1958,1.390971267616982
42,1959,1.3878398725993943
42,1960,1.370754266077974
42,1961,1.365957383607729
42,1962,1.3583734785751511
42,1963,1.347701234496811
42,1964,1.3395474776127092
42,1965,1.3312826162232296
42,1966,1.3145036737421427
42,1967,1.2978269139350087
42,1968,1.2822403033388718
42,1969,1.2701458698746444
42,1970,1.2587607636887976
42,1971,1.249398699287901
42,1972,1.2349081043661527
42,1973,1.2242612814201295
42,1974,1.2052512891175002
42,1975,1.1640673529400274
42,1976,1.14525220091606
42,1977,1.1331483092105865
42,1978,1.1098286793897174
42,1979,1.0880894352779542
42,1980,1.0614479590854926
42,1981,1.0505410590776658
42,1982,1.0364683503339667
42,1983,1.0300099200127641
42,1984,1.013236958561574
42,1985,1.0003685646066618
42,1986,1.0020015388836547
42,1987,1.0
42,1988,0.999428284012978
42,1989,0.9950291435305931
42,1990,0.9901112665005053
42,1991,0.9872812740318119
42,1992,0.9849763027714187
42,1993,0.9789476463942558
42,1994,0.972444138339312
42,1995,0.9653683402186045
42,1996,0.9573298895820909
42,1997,0.9515578014332772
42,1998,0.947012322843264
42,1999,0.9464336481052662
42,2000,0.9394302115142741
42,2001,0.9291126754848255
42,2002,0.9207158128434848
42,2003,0.9223479845894663
42,2004,0.9263789953825046
42,2005,0.9262532751035271
42,2006,0.9249847057939785
42,2007,0.9230027047805677
42,2008,0.9250687179206158
42,2009,0.928495393608182
42,2010,0.9327686022672478
42,2011,0.9350539069575599
42,2012,0.9400863249393887
42,2013,0.9442546349081852
42,2014,0.9519209676593907
42,2015,0.959402703174718
42,2016,0.9676477337522058
42,2017,0.9737774699305586
42,2018,0.9819200345003014
42,2019,0.9854306978866544
42,2020,0.9872291901935787
42,2021,0.9952633052143486
42,2022,1.0080153800588427
42,2023,1.0099717491451226
42,2024,1.0059451716620786
44RT,1947,1.2764286824410485
44RT,1948,1.2548141913901587
44RT,1949,1.2322905752309095
44RT,1950,1.210430997026494
44RT,1951,1.2203360140462864
44RT,1952,1.2039376811536413
44RT,1953,1.199637937679612
44RT,1954,1.1965153385952978
44RT,1955,1.1958349131370405
44RT,1956,1.1850240841123372
44RT,1957,1.1704107669323252
44RT,1958,1.1597412028337772
44RT,1959,1.1490722029760363
44RT,1960,1.1461341393646678
44RT,1961,1.141268105388567
44RT,1962,1.1396300073609096
44RT,1963,1.137797952026757
44RT,1964,1.1382963892823825
44RT,1965,1.135047515292839
44RT,1966,1.1368293526399242
44RT,1967,1.134940224926589
44RT,1968,1.1288427347386423
44RT,1969,1.1271651093054516
44RT,1970,1.1237345239395535
44RT,1971,1.1258921553385544
44RT,1972,1.1240412897395626
44RT,1973,1.1279893494619837
44RT,1974,1.1305193569160816
44RT,1975,1.09679110182964
44RT,1976,1.0878944733770013
44RT,1977,1.084508890396712
44RT,1978,1.0972762566131722
44RT,1979,1.0916677930213006
44RT,1980,1.0827425862606652
44RT,1981,1.068699561934561
44RT,1982,1.060774981594879
44RT,1983,1.0392914768594592
44RT,1984,1.0334193520618826
44RT,1985,1.035318631141124
44RT,1986,1.0181964256984097
44RT,1987,1.0
44RT,1988,0.9979812581807648
44RT,1989,0.9993376311899407
44RT,1990,0.9910704032779465
44RT,1991,0.9799489606791414
44RT,1992,0.9706760333189309
44RT,1993,0.96836142734225
44RT,1994,0.9687005027879076
44RT,1995,0.9687112330301617
44RT,1996,0.9701893363154203
44RT,1997,0.9757322719011373
44RT,1998,0.9812185238763766
44RT,1999,0.9874654896743698
44RT,2000,0.9951621868802197
44RT,2001,1.0066318908323906
44RT,2002,1.016541909134786
44RT,2003,1.030693510140078
44RT,2004,1.0416821519548425
44RT,2005,1.0488620866922644
44RT,2006,1.0520248904940908
44RT,2007,1.0569025107023582
44RT,2008,1.0683533181388536
44RT,2009,1.0774467625104938
44RT,2010,1.0829340943635792
44RT,2011,1.0875539617554988
44RT,2012,1.0922816101322714
44RT,2013,1.0959674003212956
44RT,2014,1.1001471070925475
44RT,2015,1.1003369916713388
44RT,2016,1.0989483552648351
44RT,2017,1.101606735090552
44RT,2018,1.1037327738125184
44RT,2019,1.1038620021359404
44RT,2020,1.1016300758576834
44RT,2021,1.1040443270453282
44RT,2022,1.111624609661402
44RT,2023,1.1126994797807122
44RT,2024,1.112664323385513
481,1947,0.710394012950977
481,1948,0.7061230893116249
481,1949,0.7105493990261701
481,1950,0.7132562507949628
481,1951,0.7260668827154302
481,1952,0.7212059696704228
481,1953,0.7267155228311486
481,1954,0.7212128639539951
481,1955,0.7295184315811188
481,1956,0.7404190654890285
481,1957,0.7321407998250246
481,1958,0.7274754918028279
481,1959,0.7337576392245772
481,1960,0.7310887981074955
481,1961,0.738485409074065
481,1962,0.7591576983712982
481,1963,0.7830059892669424
481,1964,0.7642951543832411
481,1965,0.7747436958345035
481,1966,0.7786203429669659
481,1967,0.7879969541906473
481,1968,0.7881571682365097
481,1969,0.7921709346630399
481,1970,0.8068058304917276
481,1971,0.8094950470580227
481,1972,0.8076488781856573
481,1973,0.8168237685302859
481,1974,0.8295645071638639
481,1975,0.7747414659736777
481,1976,0.806701250226429
481,1977,0.8150148337772755
481,1978,0.8232299125949859
481,1979,0.8479543354683158
481,1980,0.8644422101100981
481,1981,0.8722926600632055
481,1982,0.9171359595283631
481,1983,0.9380447841333486
481,1984,0.9609913319889001
481,1985,0.982732339864145
481,1986,0.9929992805407037
481,1987,1.0
481,1988,1.0022772541802742
481,1989,1.0164853018048623
481,1990,1.037462122955214
481,1991,1.0648031800611235
481,1992,1.094959484436254
481,1993,1.1146661112445349
481,1994,1.124101537464784
481,1995,1.1267238723774957
481,1996,1.144472823678626
481,1997,1.1673021298828261
481,1998,1.175864633924522
481,1999,1.189362207089435
481,2000,1.2208342100760696
481,2001,1.2586689528094626
481,2002,1.285763029720055
481,2003,1.3459934736528556
481,2004,1.402981340609374
481,2005,1.4571202142456363
481,2006,1.5108066773772033
481,2007,1.5430715996655913
481,2008,1.5865122234586115
481,2009,1.6242033108068006
481,2010,1.650791189313902
481,2011,1.6736707899078571
481,2012,1.7070274256032896
481,2013,1.7382911974357027
481,2014,1.7816272252611212
481,2015,1.8189542527088662
481,2016,1.8575357456187338
481,2017,1.8976254161313257
481,2018,1.933555178903951
481,2019,1.983134213596331
481,2020,2.023809012539305
481,2021,2.003740547833817
481,2022,2.0004984819290326
481,2023,2.0428746359670193
481,2024,2.075241881626962
482,1947,0.6613339936095203
482,1948,0.6522867287941237
482,1949,0.6469335865133679
482,1950,0.6756190686687055
482,1951,0.6566630063213732
482,1952,0.6534587050035123
482,1953,0.6595632856949872
482,1954,0.6567943522766211
482,1955,0.6672763149468074
482,1956,0.6723808551661491
482,1957,0.6802515210573017
482,1958,0.6929480050580318
482,1959,0.694981405429386
482,1960,0.7057005987666736
482,1961,0.7147272894217693
482,1962,0.7113229945815662
482,1963,0.7083284794012497
482,1964,0.7036487797465144
482,1965,0.6976447971515705
482,1966,0.6864962325874757
482,1967,0.679301029220897
482,1968,0.6771222129218774
482,1969,0.679727569070419
482,1970,0.6884411156307323
482,1971,0.6797127926889633
482,1972,0.7123001255436895
482,1973,0.7328607679856659
482,1974,0.7486328721570225
482,1975,0.8348271107672839
482,1976,0.8588141755236298
482,1977,0.8864877109884276
482,1978,0.8880152475411867
482,1979,0.8997396466372721
482,1980,0.9160054704185215
482,1981,0.9263835600501121
482,1982,0.9261107027391559
482,1983,0.9424208040317303
482,1984,0.9630677221954232
482,1985,0.9835569456094759
482,1986,0.9881229058369477
482,1987,1.0
482,1988,1.0096350471804447
482,1989,1.0239588038067462
482,1990,1.0321006313558068
482,1991,1.036509872242197
482,1992,1.0365690898402344
482,1993,1.0381436508883963
482,1994,1.0415885992279599
482,1995,1.0432024002068478
482,1996,1.0325518556550917
482,1997,1.0211219169333559
482,1998,1.017088709709331
482,1999,1.018402583295208
482,2000,1.0259553405329294
482,2001,1.0429990152740223
482,2002,1.06389650678498
482,2003,1.0944545308791425
482,2004,1.1245556923473818
482,2005,1.1684555878060114
482,2006,1.2076644313125726
482,2007,1.233737115224248
482,2008,1.256349861657977
482,2009,1.2666249645946999
482,2010,1.2769062337132095
482,2011,1.2875848096317228
482,2012,1.3011644047206607
482,2013,1.338020272755851
482,2014,1.363484302770101
482,2015,1.4104165172000467
482,2016,1.4407400560248091
482,2017,1.443534689477211
482,2018,1.4378098500733538
482,2019,1.4373021344284709
482,2020,1.4377599810396196
482,2021,1.4161660834568373
482,2022,1.3669724570659607
482,2023,1.3482680372835747
482,2024,1.3386988315617534
483,1947,0.7229718402203544
483,1948,0.724869775065353
483,1949,0.7244740724533612
483,1950,0.719997534301025
483,1951,0.7102755391956028
483,1952,0.7309808200027694
483,1953,0.749382662886551
483,1954,0.7565514322571765
483,1955,0.7397586879782411
483,1956,0.7434174676181605
483,1957,0.7488775859236848
483,1958,0.7500843106495297
483,1959,0.7345224880099472
483,1960,0.7487276363096685
483,1961,0.7503757937801793
483,1962,0.7516555322322263
483,1963,0.7565699107002509
483,1964,0.7622408852945813
483,1965,0.7608447949797612
483,1966,0.7663022043546449
483,1967,0.7650611687433796
483,1968,0.7705190223011081
483,1969,0.7805114988503382
483,1970,0.7890392614962354
483,1971,0.7972962673159613
483,1972,0.8098963790556442
483,1973,0.8362396918601871
483,1974,0.8671271766468873
483,1975,0.8421916989149522
483,1976,0.8375235899088724
483,1977,0.8460469979597977
483,1978,0.8656880282402313
483,1979,0.8751808017557692
483,1980,0.8744013631161235
483,1981,0.880511292666213
483,1982,0.9077086851405672
483,1983,0.9271488425609922
483,1984,0.9590195519526769
483,1985,0.9841601604884407
483,1986,0.9893555561314292
483,1987,1.0
483,1988,0.9943258124120591
483,1989,0.9914731544980679
483,1990,0.9893099452668686
483,1991,0.9969385094485471
483,1992,1.011408881358271
483,1993,1.0385680683493765
483,1994,1.0504473408229407
483,1995,1.0529390746393004
483,1996,1.081440260400394
483,1997,1.1168511450200467
483,1998,1.1361268470208452
483,1999,1.1439126911081576
483,2000,1.1592007220026055
483,2001,1.1872474082356304
483,2002,1.2264837499608803
483,2003,1.2792333566196035
483,2004,1.3185751576754265
483,2005,1.3414624659922225
483,2006,1.3775919525587255
483,2007,1.409695434410789
483,2008,1.432593217711493
483,2009,1.4754859122725064
483,2010,1.512357546922693
483,2011,1.5301201499970518
483,2012,1.5427842851074927
483,2013,1.5575025316615632
483,2014,1.5933719711704515
483,2015,1.6315071541720203
483,2016,1.662687521275177
483,2017,1.6832644804344292
483,2018,1.6981278950049778
483,2019,1.7194151453295978
483,2020,1.7473165141982343
483,2021,1.7474834276942226
483,2022,1.7627478235006635
483,2023,1.763607043385091
483,2024,1.7754894349217576
484,1947,0.7285390452355848
484,1948,0.7341027210493477
484,1949,0.7397475337076012
484,1950,0.7222645229904538
484,1951,0.7193180160587733
484,1952,0.7417106083948826
484,1953,0.7308942499350619
484,1954,0.7235349194890554
484,1955,0.7321631290620959
484,1956,0.7411763242444727
484,1957,0.7404434704707759
484,1958,0.7569435653159056
484,1959,0.7584152142653695
484,1960,0.7399016711987179
484,1961,0.741669760216852
484,1962,0.7406489715608813
484,1963,0.7338461752000526
484,1964,0.729663782962994
484,1965,0.7351193892012394
484,1966,0.7349138813727292
484,1967,0.7323094598003309
484,1968,0.7325114450448361
484,1969,0.730608271772108
484,1970,0.7356340607874775
484,1971,0.7601502106178977
484,1972,0.7722281570866859
484,1973,0.7648893117036654
484,1974,0.773313199607067
484,1975,0.7620608867884439
484,1976,0.7767736385973315
484,1977,0.8026157988433923
484,1978,0.8279000899675336
484,1979,0.8418599353647075
484,1980,0.852514468178262
484,1981,0.8885731839864227
484,1982,0.8999316614826313
484,1983,0.9202345356997036
484,1984,0.9562850101770222
484,1985,0.9756296981205095
484,1986,0.9988340202614623
484,1987,1.0
484,1988,1.0017331640637035
484,1989,1.022276944507617
484,1990,1.0277965310939816
484,1991,1.0428185330713617
484,1992,1.0737311890745196
484,1993,1.109742541381154
484,1994,1.1376602194194325
484,1995,1.1732212898794934
484,1996,1.2015931865212506
484,1997,1.2281081435886867
484,1998,1.2753995396610442
484,1999,1.3263498540167344
484,2000,1.3510959642210387
484,2001,1.3697279722435172
484,2002,1.3980115477893402
484,2003,1.4258579782726999
484,2004,1.4580778404038306
484,2005,1.4878537226940933
484,2006,1.5239287689522554
484,2007,1.5579483834361643
484,2008,1.5886654996664729
484,2009,1.6310049112784675
484,2010,1.6715466180562837
484,2011,1.6958060805636426
484,2012,1.7294510503347431
484,2013,1.7539870758107579
484,2014,1.7886909109888436
484,2015,1.8325434017842326
484,2016,1.8696161346511215
484,2017,1.8999895234221502
484,2018,2.0427730570422917
484,2019,2.080023546800634
484,2020,2.0935856448812853
484,2021,2.11352604185928
484,2022,2.1495083585071293
484,2023,2.1317697817219443
484,2024,2.1307512065384473
485,1947,0.8551754213926733
485,1948,0.8502915103855897
485,1949,0.8690401952646706
485,1950,0.8662865272425933
485,1951,0.8724843478751088
485,1952,0.87071586909476
485,1953,0.8672483271141473
485,1954,0.8766800899650947
485,1955,0.8872950209892517
485,1956,0.9023500904166436
485,1957,0.9033265495517901
485,1958,0.9137343479926865
485,1959,0.91770329649955
485,1960,0.9170344613116763
485,1961,0.9193993911279884
485,1962,0.9119353549043446
485,1963,0.9088269810220458
485,1964,0.9036131210136105
485,1965,0.9030053899063024
485,1966,0.8944200692006354
485,1967,0.889123920604442
485,1968,0.8861080642126892
485,1969,0.8859671726958188
485,1970,0.887163041070238
485,1971,0.8886713978867563
485,1972,0.8853003649157444
485,1973,0.8804213126018153
485,1974,0.867742931748278
485,1975,0.8601737807077775
485,1976,0.8686764699289622
485,1977,0.881983655163889
485,1978,0.8929163741341044
485,1979,0.8933589449562507
485,1980,0.8942622602662056
485,1981,0.9101494411843524
485,1982,0.9171973568726787
485,1983,0.9378409194866638
485,1984,0.9698438515497899
485,1985,0.9905171785990733
485,1986,0.9974367163706407
485,1987,1.0
485,1988,0.9960957617692112
485,1989,1.0007974421700543
485,1990,0.9924198388844815
485,1991,0.991190718502913
485,1992,0.9977292838829952
485,1993,1.0147704571754772
485,1994,1.0294341870882857
485,1995,1.0462901987307098
485,1996,1.0571027591720856
485,1997,1.0669773484093692
485,1998,1.089108412706537
485,1999,1.118259318911278
485,2000,1.1330688337908814
485,2001,1.143289796686176
485,2002,1.1605866591347958
485,2003,1.186846378567282
485,2004,1.2085267737758556
485,2005,1.2280524704114981
485,2006,1.2496148148486894
485,2007,1.2670257465365973
485,2008,1.278877191656411
485,2009,1.3066111691095326
485,2010,1.3361686740049334
485,2011,1.355422401486957
485,2012,1.375299683499584
485,2013,1.3917256584850515
485,2014,1.4141478875424565
485,2015,1.4452976615687056
485,2016,1.4734443377410202
485,2017,1.4871351582364423
485,2018,1.5317521830259129
485,2019,1.5476035611568544
485,2020,1.558318930319669
485,2021,1.5836476184143862
485,2022,1.6254811410120962
485,2023,1.6221422808802777
485,2024,1.6069295900057754
487OS,1947,0.6302226712039668
487OS,1948,0.6288281919570476
487OS,1949,0.6267362951745958
487OS,1950,0.6422362890971274
487OS,1951,0.6287167892397636
487OS,1952,0.632983501347798
487OS,1953,0.6385273656647603
487OS,1954,0.6365760403250411
487OS,1955,0.6465267801328298
487OS,1956,0.6520482702744154
487OS,1957,0.6571888147460877
487OS,1958,0.6661689621528885
487OS,1959,0.6650572946833746
487OS,1960,0.6704885709797325
487OS,1961,0.6791863014378715
487OS,1962,0.6794531205672739
487OS,1963,0.6793711618206298
487OS,1964,0.6775450684033046
487OS,1965,0.6780340097220715
487OS,1966,0.6793327344653592
487OS,1967,0.6743576250739215
487OS,1968,0.6737980544163895
487OS,1969,0.6808699747494645
487OS,1970,0.6942751607534319
487OS,1971,0.696977641142579
487OS,1972,0.7259954280842645
487OS,1973,0.7400506127316139
487OS,1974,0.7580672052148723
487OS,1975,0.7947195962760308
487OS,1976,0.8098528413858909
487OS,1977,0.8334298575348922
487OS,1978,0.8532722564955944
487OS,1979,0.8710469107868455
487OS,1980,0.8865313372943614
487OS,1981,0.9062491293539721
487OS,1982,0.9230118963754261
487OS,1983,0.9418576777538996
487OS,1984,0.9680324634574891
487OS,1985,0.987970498685842
487OS,1986,0.99835582887823
487OS,1987,1.0
487OS,1988,1.0067070404308025
487OS,1989,1.0327372669861328
487OS,1990,1.0487942461308837
487OS,1991,1.0661952102240249
487OS,1992,1.083064941196383
487OS,1993,1.1024303456547218
487OS,1994,1.1209793090364883
487OS,1995,1.1447175418297466
487OS,1996,1.1607054644494559
487OS,1997,1.1675253373701546
487OS,1998,1.1838480690283164
487OS,1999,1.2011309125719623
487OS,2000,1.2148586029598774
487OS,2001,1.2295246550660457
487OS,2002,1.2426100643104911
487OS,2003,1.259864237081327
487OS,2004,1.281671941001685
487OS,2005,1.3049958825688368
487OS,2006,1.322971043286608
487OS,2007,1.334970779633625
487OS,2008,1.3461528879803701
487OS,2009,1.3576925632051198
487OS,2010,1.371596202849953
487OS,2011,1.3774865007141157
487OS,2012,1.3897412058740803
487OS,2013,1.4028006549878618
487OS,2014,1.4209750730048212
487OS,2015,1.4398616599010825
487OS,2016,1.4552673438511148
487OS,2017,1.468461170917882
487OS,2018,1.508064685658976
487OS,2019,1.5214738740947147
487OS,2020,1.5277451473123755
487OS,2021,1.5238609635380236
487OS,2022,1.5274127535213766
487OS,2023,1.5242628287085103
487OS,2024,1.5282535041725303
493,1947,0.7231473078448576
493,1948,0.7074247561946315
493,1949,0.7284391597563084
493,1950,0.7215742818839062
493,1951,0.7106912206837637
493,1952,0.734435093532708
493,1953,0.7190955892369392
493,1954,0.726674431736174
493,1955,0.729414119160192
493,1956,0.742304961020033
493,1957,0.7468637470706327
493,1958,0.7472899907412263
493,1959,0.7453579956282657
493,1960,0.7403918502885118
493,1961,0.7428307193752313
493,1962,0.7479324097812328
493,1963,0.7361518518635247
493,1964,0.735289361667412
493,1965,0.7450658743613305
493,1966,0.7488384665269681
493,1967,0.7474232395657685
493,1968,0.7462374964931984
493,1969,0.7496714633008938
493,1970,0.756240632413747
493,1971,0.7737241469480487
493,1972,0.7803874118235399
493,1973,0.7749677446750064
493,1974,0.7783659542765453
493,1975,0.7833548568399918
493,1976,0.7965373781083516
493,1977,0.816596891016845
493,1978,0.8380181143788575
493,1979,0.8518338156628932
493,1980,0.8647726886058166
493,1981,0.8857154604759983
493,1982,0.894628737532594
493,1983,0.9140036450297426
493,1984,0.9425432002707511
493,1985,0.9635998773584892
493,1986,0.9859540099170514
493,1987,1.0
493,1988,1.0130264970570475
493,1989,1.0282539427979724
493,1990,1.0408771168736572
493,1991,1.0533900346654697
493,1992,1.0695884839029999
493,1993,1.081965311392924
493,1994,1.0920572374138466
493,1995,1.1033044857660532
493,1996,1.1115309794106727
493,1997,1.1209055309673859
493,1998,1.1352764055371412
493,1999,1.1545048483863052
493,2000,1.1665157778153445
493,2001,1.1871800945701048
493,2002,1.2069510218221822
493,2003,1.2315253924092218
493,2004,1.251558225433682
493,2005,1.265627939998101
493,2006,1.2807265942188955
493,2007,1.2906053025042998
493,2008,1.3115870847331028
493,2009,1.326625636566902
493,2010,1.3400306017948918
493,2011,1.3499336722390722
493,2012,1.363239986649726
493,2013,1.3756063476168596
493,2014,1.3938157492299912
493,2015,1.4090237147742668
493,2016,1.4238176377078884
493,2017,1.439356193413467
493,2018,1.4645581396988108
493,2019,1.4843161153069018
493,2020,1.4905782181519271
493,2021,1.509572822646227
493,2022,1.5427181908277132
493,2023,1.5606906754474597
493,2024,1.571826328405695
512,1947,2.527426498993535
512,1948,2.5014955500730562
512,1949,2.4257308437950686
512,1950,2.3375557122817296
512,1951,2.3196319098229874
512,1952,2.240595083436969
512,1953,2.2555016954580305
512,1954,2.2441920077552044
512,1955,2.2551305992843615
512,1956,2.145029547817367
512,1957,2.1891441367635216
512,1958,2.156952289463471
512,1959,2.157683556927553
512,1960,2.159082633491139
512,1961,2.1677089143870574
512,1962,2.1976216977478336
512,1963,2.1833442718711966
512,1964,2.1902122833179005
512,1965,2.20529224503863
512,1966,2.1889089552233942
512,1967,2.1758496906127363
512,1968,2.066654689781669
512,1969,1.9900819212739616
512,1970,1.9282982949583694
512,1971,1.8735965914529433
512,1972,1.8250564262502609
512,1973,1.8041693777692505
512,1974,1.7153914086586255
512,1975,1.573389882929396
512,1976,1.5220466247529423
512,1977,1.4466745338245683
512,1978,1.349582284592469
512,1979,1.2856563058497552
512,1980,1.2240058931345879
512,1981,1.1579984208172014
512,1982,1.1108169099158627
512,1983,1.08233644722352
512,1984,1.0473259223295965
512,1985,1.0238261638088315
512,1986,1.012812871446497
512,1987,1.0
512,1988,0.9977435148068838
512,1989,0.9926083211171453
512,1990,0.97902322878084
512,1991,0.9653318346731051
512,1992,0.9531421723861596
512,1993,0.9330529106805718
512,1994,0.9182594705574637
512,1995,0.9058832403981791
512,1996,0.8877300722263952
512,1997,0.8814304871988087
512,1998,0.8650513512895702
512,1999,0.8526645585651382
512,2000,0.8435813143810713
512,2001,0.828542770306261
512,2002,0.8077874453188542
512,2003,0.7500142796466683
512,2004,0.7148430320686419
512,2005,0.6905053961512961
512,2006,0.6678679768829804
512,2007,0.6479755891590753
512,2008,0.6205795672123059
512,2009,0.6017458870675666
512,2010,0.5868163911923007
512,2011,0.5732240460631196
512,2012,0.5602817742328254
512,2013,0.5523422319420825
512,2014,0.5378060730033998
512,2015,0.520752015937768
512,2016,0.5038133093585261
512,2017,0.4952922522293943
512,2018,0.48623639859267476
512,2019,0.476141213576377
512,2020,0.4677175426366111
512,2021,0.4604152368558694
512,2022,0.45507407328529326
512,2023,0.4501749628893658
512,2024,0.44947208167616903
513,1947,1.3778107114201608
513,1948,1.3010085694205349
513,1949,1.270103584086851
513,1950,1.2624067840493685
513,1951,1.2285491892740583
513,1952,1.1959554273791948
513,1953,1.1543618818091024
513,1954,1.1494216070303975
513,1955,1.127096057756147
513,1956,1.102525370568434
513,1957,1.09032321715448
513,1958,1.0809295188049548
513,1959,1.07094922087171
513,1960,1.0558499560479704
513,1961,1.0504814556347293
513,1962,1.0434161062385372
513,1963,1.044861383643751
513,1964,1.051293829103796
513,1965,1.04295344782697
513,1966,1.0450123875722124
513,1967,1.0519941628352014
513,1968,1.0694134828854311
513,1969,1.089396096443587
513,1970,1.0953535241071075
513,1971,1.1134201142446227
513,1972,1.1399935617662946
513,1973,1.1399742521367766
513,1974,1.1373127621632204
513,1975,1.0945916344754996
513,1976,1.0847886567332525
513,1977,1.0071783644149037
513,1978,0.9955521690793973
513,1979,0.9579098502695773
513,1980,0.9417261217679198
513,1981,0.9425001861295602
513,1982,0.9507459726408596
513,1983,0.9673041238355998
513,1984,0.9952213597783417
513,1985,1.0122265475830132
513,1986,1.0034518483296706
513,1987,1.0
513,1988,0.9838443519472803
513,1989,0.9709414084226341
513,1990,0.9567179010893659
513,1991,0.9486134065117087
513,1992,0.941655670489604
513,1993,0.9364914945584726
513,1994,0.9239393129240957
513,1995,0.9023949450166215
513,1996,0.8984322260824871
513,1997,0.9069517877537829
513,1998,0.889634811184178
513,1999,0.8570683786453275
513,2000,0.8385209082423749
513,2001,0.8108864693835112
513,2002,0.7819027049249868
513,2003,0.6988527952354958
513,2004,0.6460334729188808
513,2005,0.6143920461682212
513,2006,0.5800498501946159
513,2007,0.5466736657224743
513,2008,0.49217930699345763
513,2009,0.45557468274088436
513,2010,0.42375612840583937
513,2011,0.40393284959759346
513,2012,0.377455107996858
513,2013,0.3598633379546588
513,2014,0.3314141700767676
513,2015,0.3034409997295405
513,2016,0.279166860643235
513,2017,0.26612975220529195
513,2018,0.2522545493993297
513,2019,0.23825170060709566
513,2020,0.22862375385983952
513,2021,0.21744442468798475
513,2022,0.20529234386457082
513,2023,0.1998194572393656
513,2024,0.1993406567753753
524,1947,4.136057174472525
524,1948,4.002443664809562
524,1949,3.967542866170531
524,1950,3.983830285133807
524,1951,3.950543160435895
524,1952,3.8867285475433313
524,1953,3.893565360991613
524,1954,3.889255886230106
524,1955,3.8351605212513595
524,1956,3.75204667630359
524,1957,3.733408430883526
524,1958,3.6701645094917263
524,1959,3.639009972291721
524,1960,3.5876910287390014
524,1961,3.558183612955681
524,1962,3.4572573282344745
524,1963,3.3798477521465347
524,1964,3.2873560456138753
524,1965,3.1588921240398915
524,1966,3.003017177303967
524,1967,2.8368529131399756
524,1968,2.6498429479310848
524,1969,2.518548530305451
524,1970,2.3849279208030465
524,1971,2.1788216631881294
524,1972,2.0351560546083283
524,1973,1.960173657159887
524,1974,1.7729766630547357
524,1975,1.6014851747992163
524,1976,1.415481857187118
524,1977,1.3415578624022044
524,1978,1.2387860048386812
524,1979,1.1661461593075044
524,1980,1.0981648604540453
524,1981,1.0575127604525028
524,1982,1.0363939070354402
524,1983,1.0151282776241657
524,1984,1.0036386358453164
524,1985,1.0106684706852715
524,1986,1.0031350762286908
524,1987,1.0
524,1988,1.0006255498069172
524,1989,1.0031347501501449
524,1990,0.999179827510643
524,1991,0.993547384634502
524,1992,0.9775670144665343
524,1993,0.95670035639101
524,1994,0.9461526335820458
524,1995,0.9244692903417758
524,1996,0.882879984955904
524,1997,0.8463827196288145
524,1998,0.8042608372517734
524,1999,0.7692425167543637
524,2000,0.7555302556999747
524,2001,0.73037114731953
524,2002,0.7059516526324443
524,2003,0.6799847247415822
524,2004,0.6619625125271638
524,2005,0.6310269999587471
524,2006,0.5998117954541132
524,2007,0.5761497990695006
524,2008,0.5543448872049855
524,2009,0.539295896645968
524,2010,0.5331875681531015
524,2011,0.522847545030092
524,2012,0.5170269452151922
524,2013,0.5160280474557343
524,2014,0.5170109464417612
524,2015,0.5169212254417647
524,2016,0.5168464666686721
524,2017,0.5190130761564167
524,2018,0.5203856752578961
524,2019,0.5180885935666323
524,2020,0.5158036635180578
524,2021,0.5104066587242742
524,2022,0.5023372572541864
524,2023,0.4988722280254445
524,2024,0.49796414834789343
525,1947,10.240755824985243
525,1948,9.859173462224131
525,1949,10.930975924975492
525,1950,10.260844208310838
525,1951,9.292649353538728
525,1952,8.963171150021761
525,1953,9.80671795062798
525,1954,9.14629295995677
525,1955,8.306638394764185
525,1956,8.615365674654411
525,1957,8.572421572056822
525,1958,8.797958136847388
525,1959,8.76266811678024
525,1960,7.93725324656661
525,1961,7.813691814487552
525,1962,8.606906497811568
525,1963,7.6196282221197045
525,1964,7.264844241225786
525,1965,6.7278234622637
525,1966,5.8357116148591395
525,1967,5.40883941098078
525,1968,5.136497944260177
525,1969,4.736904069661495
525,1970,4.386882997626851
525,1971,3.9940691351054127
525,1972,3.693350503825052
525,1973,3.489721083887198
525,1974,3.157998999950469
525,1975,2.694952306649792
525,1976,2.4219127445090103
525,1977,2.2856540707347444
525,1978,2.1397604784607953
525,1979,1.947648888533564
525,1980,1.790865494767674
525,1981,1.5813689146551204
525,1982,1.478050543563858
525,1983,1.3783529432784383
525,1984,1.276444735665687
525,1985,1.1655374805607186
525,1986,1.08833725762875
525,1987,1.0
525,1988,0.9597070003720296
525,1989,0.9224461327559106
525,1990,0.8712370202837969
525,1991,0.8454733631652844
525,1992,0.8166442821007333
525,1993,0.7739455539894441
525,1994,0.7382229620759622
525,1995,0.7041798463841688
525,1996,0.6589431889452789
525,1997,0.6212428519010551
525,1998,0.5857851463317996
525,1999,0.5673738069947956
525,2000,0.5610336287710781
525,2001,0.5536467963980901
525,2002,0.5513285307897724
525,2003,0.5620741100079765
525,2004,0.5626994738060331
525,2005,0.5705631186736664
525,2006,0.5735885234001394
525,2007,0.5747624041533507
525,2008,0.5849171115348084
525,2009,0.5847674593613846
525,2010,0.5744894146925075
525,2011,0.5633532338802449
525,2012,0.5534992638467252
525,2013,0.5480652546803948
525,2014,0.5429315999087665
525,2015,0.5332403652762143
525,2016,0.5226289349051065
525,2017,0.5232772676429419
525,2018,0.5232169345840645
525,2019,0.5133460631988757
525,2020,0.5111866851009369
525,2021,0.5087305310683067
525,2022,0.5058450200972259
525,2023,0.500705975023612
525,2024,0.49702062372219097
531,1947,1.6262710527852433
531,1948,1.5918439492227685
531,1949,1.5142361270995053
531,1950,1.4888410621968535
531,1951,1.4731633363849617
531,1952,1.4334613878323168
531,1953,1.4067098596213246
531,1954,1.3938111927216956
531,1955,1.3722349940536034
531,1956,1.2942953718536487
531,1957,1.249201401639061
531,1958,1.2165560096620742
531,1959,1.2147378003500298
531,1960,1.2026909109779356
531,1961,1.19546464152103
531,1962,1.1862427394553237
531,1963,1.1800096940376108
531,1964,1.1732344649401807
531,1965,1.1600615426836172
531,1966,1.1525646769859077
531,1967,1.137892545360833
531,1968,1.126802207350987
531,1969,1.1196313920370988
531,1970,1.1065668818260874
531,1971,1.0927882979147974
531,1972,1.0831698552944447
531,1973,1.0708416277276616
531,1974,1.0558147397536668
531,1975,1.0123513998717681
531,1976,0.9985003422008365
531,1977,0.9712687242206517
531,1978,0.9678398199833057
531,1979,0.9597491304546191
531,1980,0.9491102769973601
531,1981,0.944062582414244
531,1982,0.957194068457411
531,1983,0.9720584864251258
531,1984,0.9855617103344416
531,1985,0.9907993333351292
531,1986,0.9919728163695212
531,1987,1.0
531,1988,1.0013572343942299
531,1989,1.0047459956848548
531,1990,1.0065076897977383
531,1991,1.003437072216407
531,1992,1.008424690819899
531,1993,1.0217606427621706
531,1994,1.0359052496280983
531,1995,1.0408875755157245
531,1996,1.0578572802250399
531,1997,1.0715972527936062
531,1998,1.0850366930162219
531,1999,1.0885965415943317
531,2000,1.0947591335675695
531,2001,1.1064644875130576
531,2002,1.111008575048
531,2003,1.1067319847867185
531,2004,1.0935643539824254
531,2005,1.0970792832737315
531,2006,1.1001285678378638
531,2007,1.0974058962788273
531,2008,1.0910212796789494
531,2009,1.0878190554459093
531,2010,1.0656813662157472
531,2011,1.055070421787323
531,2012,1.0667257693539276
531,2013,1.058642788929808
531,2014,1.0454554716238678
531,2015,1.035769368249563
531,2016,1.0270009564003473
531,2017,1.01694396965954
531,2018,1.0319678973562114
531,2019,1.0412944681321854
531,2020,1.0547773146977337
531,2021,1.0863658883817495
531,2022,1.0930808239480885
531,2023,1.0475934442372994
531,2024,1.0211195897682366
532RL,1947,1.479040163098668
532RL,1948,1.4848995249894652
532RL,1949,1.4940708055818674
532RL,1950,1.492425495409532
532RL,1951,1.4778726723482554
532RL,1952,1.493095701151578
532RL,1953,1.4851471314865443
532RL,1954,1.4724097245017564
532RL,1955,1.4544509697740728
532RL,1956,1.4526541265816912
532RL,1957,1.4454342808160394
532RL,1958,1.4505379620973289
532RL,1959,1.4563460456904875
532RL,1960,1.4383369656456764
532RL,1961,1.4461646461114597
532RL,1962,1.4544166576299773
532RL,1963,1.4574739531163359
532RL,1964,1.4438250750154442
532RL,1965,1.443951389523488
532RL,1966,1.426418648239323
532RL,1967,1.4180502856692572
532RL,1968,1.4177733407527129
532RL,1969,1.4201439600985555
532RL,1970,1.4237668255195026
532RL,1971,1.4203893844397368
532RL,1972,1.414637099670522
532RL,1973,1.4225797847784785
532RL,1974,1.428254093513521
532RL,1975,1.4208959014664366
532RL,1976,1.4338672730026876
532RL,1977,1.4662972514627464
532RL,1978,1.4606042933507357
532RL,1979,1.4590727194335362
532RL,1980,1.4260769206977455
532RL,1981,1.3984811923877487
532RL,1982,1.3570406908956145
532RL,1983,1.3107893749170239
532RL,1984,1.2097095776705737
532RL,1985,1.1152847170597096
532RL,1986,1.067361236118736
532RL,1987,1.0
532RL,1988,0.9692533164070294
532RL,1989,0.9342521232766993
532RL,1990,0.9058348465734303
532RL,1991,0.8906921572997923
532RL,1992,0.8835755893868066
532RL,1993,0.8815807677149123
532RL,1994,0.8785253993832177
532RL,1995,0.8714219609216292
532RL,1996,0.8562887205113967
532RL,1997,0.8342439746150537
532RL,1998,0.81000101964164
532RL,1999,0.8007000558151405
532RL,2000,0.7959469585154935
532RL,2001,0.7931485630480888
532RL,2002,0.7956229302727393
532RL,2003,0.8102699593199035
532RL,2004,0.8230700240463287
532RL,2005,0.8360782567809447
532RL,2006,0.8472733646628126
532RL,2007,0.8527539887904371
532RL,2008,0.8623361918977345
532RL,2009,0.8781846328535763
532RL,2010,0.892164336956701
532RL,2011,0.9056194453099268
532RL,2012,0.9218297971316548
532RL,2013,0.93361379377589
532RL,2014,0.94770309170465
532RL,2015,0.9642844967137479
532RL,2016,0.9788898828209209
532RL,2017,0.9854447062285535
532RL,2018,0.9893008740988368
532RL,2019,0.9977615942581484
532RL,2020,1.004548680343105
532RL,2021,1.0122156914635627
532RL,2022,1.027925548098233
532RL,2023,1.0371522246269764
532RL,2024,1.0303144427647841
5411,1947,1.3302832568500003
5411,1948,1.3503164748074208
5411,1949,1.3473487348826525
5411,1950,1.3164057209992222
5411,1951,1.3372712282140022
5411,1952,1.318062183032853
5411,1953,1.3022651304068786
5411,1954,1.3130037554653642
5411,1955,1.3085277774942867
5411,1956,1.2631265781030987
5411,1957,1.2668121823345402
5411,1958,1.269443850435071
5411,1959,1.2500800687691647
5411,1960,1.2436168558162204
5411,1961,1.2248837930759104
5411,1962,1.232409525769515
5411,1963,1.2380776698778997
5411,1964,1.2428864163139721
5411,1965,1.229403583640269
5411,1966,1.2246536322836652
5411,1967,1.2262221222236376
5411,1968,1.2346247341654404
5411,1969,1.2301161157208342
5411,1970,1.2289511770159949
5411,1971,1.2265357592954258
5411,1972,1.2184600193593453
5411,1973,1.2268436228520698
5411,1974,1.2330819640444153
5411,1975,1.1663688541629549
5411,1976,1.1339869478806743
5411,1977,1.1317231596659605
5411,1978,1.1543136660711797
5411,1979,1.1429276821920678
5411,1980,1.1358051281454544
5411,1981,1.108747261141903
5411,1982,1.0905042152510724
5411,1983,1.0700741859717389
5411,1984,1.0482316548580561
5411,1985,1.0495799792652052
5411,1986,1.022921293830981
5411,1987,1.0
5411,1988,1.0090437597619832
5411,1989,0.9987938725193237
5411,1990,0.9688676698663694
5411,1991,0.925882690119124
5411,1992,0.8671510845343238
5411,1993,0.8165444267705531
5411,1994,0.7892713737657701
5411,1995,0.7493216325696482
5411,1996,0.6873038911966608
5411,1997,0.6401672890980338
5411,1998,0.5887595006325073
5411,1999,0.5504378029223944
5411,2000,0.53339297750065
5411,2001,0.5095306857658751
5411,2002,0.49109094619270144
5411,2003,0.4757724065415659
5411,2004,0.4642122295175011
5411,2005,0.4450057104990182
5411,2006,0.4262171220925239
5411,2007,0.41256614444515305
5411,2008,0.39866366706346107
5411,2009,0.3887929102208515
5411,2010,0.3837879969632462
5411,2011,0.3766231267158981
5411,2012,0.37195867596034815
5411,2013,0.37077174773323635
5411,2014,0.3699952963363086
5411,2015,0.3691431688392062
5411,2016,0.36852241256013146
5411,2017,0.36822007120112865
5411,2018,0.36649712833721276
5411,2019,0.3640372685051002
5411,2020,0.36188971368531286
5411,2021,0.3612728314066102
5411,2022,0.35941925281688036
5411,2023,0.3566795243545424
5411,2024,0.3532401290884099
5415,1947,5.797086337989761
5415,1948,5.7977358203485
5415,1949,6.1947198335181515
5415,1950,6.0433922462246095
5415,1951,5.881440463426891
5415,1952,6.18070142578296
5415,1953,6.139551306228273
5415,1954,6.063848560024416
5415,1955,5.746633590515722
5415,1956,5.359395278542778
5415,1957,5.513582806903674
5415,1958,5.453341422977631
5415,1959,5.508605828429833
5415,1960,5.40360974718261
5415,1961,5.500785939202113
5415,1962,5.394196533168849
5415,1963,5.254022313371766
5415,1964,5.388162016607002
5415,1965,5.153485255947502
5415,1966,4.949067101074107
5415,1967,4.684011676616406
5415,1968,4.498254953216945
5415,1969,4.347343294186022
5415,1970,4.203619580961766
5415,1971,3.86518017687776
5415,1972,3.6400578322920287
5415,1973,3.5315817875664335
5415,1974,3.318873014566098
5415,1975,3.0946868148559172
5415,1976,2.9498242613439962
5415,1977,2.7760083589037468
5415,1978,2.5352768878230925
5415,1979,2.3038876916550657
5415,1980,2.020135769272509
5415,1981,1.843605545457981
5415,1982,1.6938188456889196
5415,1983,1.5252299610159226
5415,1984,1.3331046425057766
5415,1985,1.2019430618345626
5415,1986,1.099768107374781
5415,1987,1.0
5415,1988,0.9483474810660482
5415,1989,0.8943544729119612
5415,1990,0.8382904494427578
5415,1991,0.7975446477540381
5415,1992,0.750986985838902
5415,1993,0.7034328621130285
5415,1994,0.6609388132454922
5415,1995,0.6048089666346879
5415,1996,0.5320358009222773
5415,1997,0.4700801820477438
5415,1998,0.40861355703749247
5415,1999,0.3624405895385146
5415,2000,0.332407691795844
5415,2001,0.2914145883127736
5415,2002,0.2587900401449508
5415,2003,0.2355712398150433
5415,2004,0.2218478754160764
5415,2005,0.20017883057418234
5415,2006,0.17957296102893894
5415,2007,0.16229579637128552
5415,2008,0.15002915220956153
5415,2009,0.14177174219871197
5415,2010,0.13703336299122273
5415,2011,0.13062982000895912
5415,2012,0.12675802115612753
5415,2013,0.12530984003211684
5415,2014,0.12444705471031847
5415,2015,0.12285914590709043
5415,2016,0.1210669650588979
5415,2017,0.11952569311381453
5415,2018,0.11773677807281288
5415,2019,0.11411254083033931
5415,2020,0.11156348017797355
5415,2021,0.10972173940393422
5415,2022,0.10732799311184849
5415,2023,0.1049440923577661
5415,2024,0.10355212134048462
5412OP,1947,1.9643628197478
5412OP,1948,1.9593428934997739
5412OP,1949,1.9578564472591786
5412OP,1950,1.9657703267665911
5412OP,1951,1.9667684554764642
5412OP,1952,1.9410356985353303
5412OP,1953,1.9549260946661469
5412OP,1954,1.957219948859762
5412OP,1955,1.9548821870443953
5412OP,1956,1.9406169603174401
5412OP,1957,1.9536445797119761
5412OP,1958,1.9596657859829494
5412OP,1959,1.9675780174612003
5412OP,1960,1.9803473354928098
5412OP,1961,2.0010645657737447
5412OP,1962,1.9985283306616983
5412OP,1963,1.9974703251867658
5412OP,1964,1.9729562240773324
5412OP,1965,1.946155016203188
5412OP,1966,1.9161019239606587
5412OP,1967,1.8749581450486246
5412OP,1968,1.801904623904788
5412OP,1969,1.7472973444920605
5412OP,1970,1.6838988320431063
5412OP,1971,1.5990336791661885
5412OP,1972,1.5336302557345662
5412OP,1973,1.5059563241905816
5412OP,1974,1.4489974840801048
5412OP,1975,1.3863380551380466
5412OP,1976,1.3555630988970668
5412OP,1977,1.3548391280595706
5412OP,1978,1.3595696886228823
5412OP,1979,1.32543136747473
5412OP,1980,1.2739191511004546
5412OP,1981,1.2389763133772242
5412OP,1982,1.2158372636982513
5412OP,1983,1.1300270701653334
5412OP,1984,1.0969334167074392
5412OP,1985,1.0869646071663897
5412OP,1986,1.0346138104738607
5412OP,1987,1.0
5412OP,1988,0.9821513689157815
5412OP,1989,0.9694206680713012
5412OP,1990,0.945506036568698
5412OP,1991,0.9228951927166554
5412OP,1992,0.9004608395385195
5412OP,1993,0.8819679999018509
5412OP,1994,0.8703204369699811
5412OP,1995,0.8508161237523939
5412OP,1996,0.817537201190814
5412OP,1997,0.7887511539913219
5412OP,1998,0.757305799326115
5412OP,1999,0.7350032935286683
5412OP,2000,0.7264878794091365
5412OP,2001,0.7159359527996704
5412OP,2002,0.7085356078154116
5412OP,2003,0.699139767328977
5412OP,2004,0.6873438316901408
5412OP,2005,0.668812348673745
5412OP,2006,0.6516507833026611
5412OP,2007,0.639365973900167
5412OP,2008,0.6251746814346593
5412OP,2009,0.6171433944491178
5412OP,2010,0.6137527835088379
5412OP,2011,0.6060623955388897
5412OP,2012,0.6007278691410838
5412OP,2013,0.5971939273991862
5412OP,2014,0.5953442185502746
5412OP,2015,0.5963836555506685
5412OP,2016,0.5997614955501949
5412OP,2017,0.6021991141504722
5412OP,2018,0.6011811472604693
5412OP,2019,0.6013679653553151
5412OP,2020,0.6026038976639925
5412OP,2021,0.5967936734292771
5412OP,2022,0.5889388645293764
5412OP,2023,0.593078856745139
5412OP,2024,0.5963272724797408
55,1947,1.966728679709609
55,1948,1.9468047523539704
55,1949,1.9555368062805203
55,1950,1.9513567196724466
55,1951,1.9417858668916337
55,1952,1.9437741044742627
55,1953,1.9358587124134825
55,1954,1.935870987644481
55,1955,1.9115610218477204
55,1956,1.9042298442510543
55,1957,1.9053479624856187
55,1958,1.910470542655084
55,1959,1.8989007188899993
55,1960,1.88677765973438
55,1961,1.8848775945845064
55,1962,1.862607068259147
55,1963,1.8374140105298933
55,1964,1.8112236216039044
55,1965,1.776199924833484
55,1966,1.7105138977155745
55,1967,1.6636604960610433
55,1968,1.6129273019056658
55,1969,1.575383464749908
55,1970,1.5319604153296116
55,1971,1.4584470580584
55,1972,1.4039861263371116
55,1973,1.390928586837034
55,1974,1.3455980110242471
55,1975,1.2819972717074695
55,1976,1.2332762384956493
55,1977,1.2125574254602103
55,1978,1.1804094956906677
55,1979,1.1509001775967602
55,1980,1.1170999577065188
55,1981,1.0856311850607185
55,1982,1.0692659610142725
55,1983,1.0475080164468107
55,1984,1.0346804169572499
55,1985,1.0306635798273849
55,1986,1.0112053029144183
55,1987,1.0
55,1988,0.9927230960422431
55,1989,0.9883444262377256
55,1990,0.9743035942136756
55,1991,0.9564421039963179
55,1992,0.9288857065638774
55,1993,0.8947241827363578
55,1994,0.8729864062640701
55,1995,0.8419477749437895
55,1996,0.7922914170307747
55,1997,0.7486713413607183
55,1998,0.6988333437658634
55,1999,0.6624318404758768
55,2000,0.6453859318617254
55,2001,0.6225140781495682
55,2002,0.6027597757097337
55,2003,0.5872101516947802
55,2004,0.5761085155564056
55,2005,0.5552903774005701
55,2006,0.535302481407606
55,2007,0.5208076371222784
55,2008,0.5067674554037567
55,2009,0.49580818831420237
55,2010,0.48851016205975145
55,2011,0.47910089306304393
55,2012,0.4693594102209726
55,2013,0.46354314102060074
55,2014,0.4553912874929231
55,2015,0.44749240588370776
55,2016,0.4405334318068439
55,2017,0.4374647527992087
55,2018,0.4336752707708733
55,2019,0.428091961946966
55,2020,0.42332570067713604
55,2021,0.41807362162212064
55,2022,0.40975123510015593
55,2023,0.4065840840256295
55,2024,0.4063363327444773
561,1947,2.273457900105096
561,1948,2.3633427599697443
561,1949,2.374985413680793
561,1950,2.352886592868245
561,1951,2.339647488385519
561,1952,2.341983872302219
561,1953,2.366866057228696
561,1954,2.3627208733781084
561,1955,2.316209457453483
561,1956,2.259719406940222
561,1957,2.2792262419274354
561,1958,2.266180019845496
561,1959,2.2520145351910137
561,1960,2.2542859038052585
561,1961,2.2445539877328278
561,1962,2.2478206956810425
561,1963,2.2266953189326224
561,1964,2.202673653335396
561,1965,2.2007601539008212
561,1966,2.171209212357903
561,1967,2.1429474018880326
561,1968,2.059252122205488
561,1969,1.9902634644470434
561,1970,1.9141621118226215
561,1971,1.8125147846261334
561,1972,1.7414130236201864
561,1973,1.698854740846785
561,1974,1.6192107133869968
561,1975,1.5306879847601143
561,1976,1.4673439350277915
561,1977,1.4482405513757595
561,1978,1.4320483192273625
561,1979,1.361671187956583
561,1980,1.2845709068499858
561,1981,1.2383073868166874
561,1982,1.2049394839946483
561,1983,1.1251078337870983
561,1984,1.0844443091575258
561,1985,1.0769786067814326
561,1986,1.0315753599491233
561,1987,1.0
561,1988,0.9854692873999219
561,1989,0.9803873123533959
561,1990,0.9649094259112463
561,1991,0.9519429076408459
561,1992,0.9378743899304283
561,1993,0.9288210371656248
561,1994,0.9232095382910706
561,1995,0.911915992266869
561,1996,0.8981046943472871
561,1997,0.8903984595173003
561,1998,0.8761513682825194
561,1999,0.8602470743813302
561,2000,0.8539143014732133
561,2001,0.8423238555182946
561,2002,0.8304186452777527
561,2003,0.8122090352260674
561,2004,0.8001358209942283
561,2005,0.784171220799936
561,2006,0.7692429565639319
561,2007,0.7573297005282046
561,2008,0.743859367588063
561,2009,0.7367497758052766
561,2010,0.7335106677657309
561,2011,0.7283245534347945
561,2012,0.7252957009582901
561,2013,0.7254461872594847
561,2014,0.7274355653252971
561,2015,0.7318336031451361
561,2016,0.7377936893637908
561,2017,0.7419115143873042
561,2018,0.743884617640702
561,2019,0.7457076395792064
561,2020,0.7476512026505552
561,2021,0.7524613075456416
561,2022,0.7609977650758806
561,2023,0.7626379477364329
561,2024,0.7583876917361756
562,1947,0.7129371009052959
562,1948,0.7206751338763535
562,1949,0.724793103178277
562,1950,0.7041671650855998
562,1951,0.7095048760005506
562,1952,0.728239130264357
562,1953,0.7353347137279815
562,1954,0.7291574645727079
562,1955,0.7433164920235857
562,1956,0.7708320588159623
562,1957,0.795548549983242
562,1958,0.8164815715225513
562,1959,0.8227664739429693
562,1960,0.8065625318004913
562,1961,0.7983895077534188
562,1962,0.7862479719535134
562,1963,0.7782720553462421
562,1964,0.776593185630928
562,1965,0.7819293404013166
562,1966,0.7824245690567577
562,1967,0.7831559483474534
562,1968,0.785040670843121
562,1969,0.7849040967593195
562,1970,0.7943422017076075
562,1971,0.8193798122660946
562,1972,0.8279777423939372
562,1973,0.821251907802859
562,1974,0.82220055715128
562,1975,0.8181087334391883
562,1976,0.8380124009054815
562,1977,0.8643803898480678
562,1978,0.881534374962895
562,1979,0.8870176910478815
562,1980,0.8889789012360728
562,1981,0.9059379907896257
562,1982,0.9164448650769965
562,1983,0.9337109218196544
562,1984,0.9590875308442144
562,1985,0.9769021904027764
562,1986,0.9903379034001505
562,1987,1.0
562,1988,1.0087007039907903
562,1989,1.0235958648283388
562,1990,1.0347088226562624
562,1991,1.0443125356476042
562,1992,1.0625078040646607
562,1993,1.083124168393582
562,1994,1.0971316869415753
562,1995,1.1163501605101436
562,1996,1.1322010705063754
562,1997,1.1488316947182247
562,1998,1.176925655488001
562,1999,1.2122750485906881
562,2000,1.2347461180478516
562,2001,1.2661726218235543
562,2002,1.302157512558484
562,2003,1.346291459418888
562,2004,1.3894568831007925
562,2005,1.430551627872918
562,2006,1.4747416087712981
562,2007,1.5181034467109291
562,2008,1.560331374980175
562,2009,1.5951409634779417
562,2010,1.6256120193474817
562,2011,1.6463897944212875
562,2012,1.6697171655814342
562,2013,1.6870895669997048
562,2014,1.7114417807813598
562,2015,1.739459443862999
562,2016,1.7650594482610014
562,2017,1.7885598951023984
562,2018,1.8530561367451348
562,2019,1.888954065783575
562,2020,1.9049408916220505
562,2021,1.942025779250667
562,2022,1.9960347189226597
562,2023,2.014365732785973
562,2024,2.0193018683871666
61,1947,1.6115737006965034
61,1948,1.5654379277377226
61,1949,1.5174806951472812
61,1950,1.5156588286258563
61,1951,1.5273996338937692
61,1952,1.4857648379565027
61,1953,1.4764356694942151
61,1954,1.4843841017033481
61,1955,1.4941183143295989
61,1956,1.4567764545740731
61,1957,1.445137307627011
61,1958,1.426399435917471
61,1959,1.4136999337838567
61,1960,1.4127212883581104
61,1961,1.4103614571560539
61,1962,1.3980593960100103
61,1963,1.3786039114381672
61,1964,1.3632022485087059
61,1965,1.3347853331464463
61,1966,1.289724630746155
61,1967,1.259520047298546
61,1968,1.2310063385641157
61,1969,1.2189319729153274
61,1970,1.194260044064668
61,1971,1.1536225265077387
61,1972,1.1288100719261407
61,1973,1.1249942622018667
61,1974,1.1075520169082036
61,1975,1.0763606798717833
61,1976,1.0568562976971827
61,1977,1.0287785227883062
61,1978,1.0045382796335782
61,1979,0.9927203984803089
61,1980,0.9846055308703789
61,1981,0.9854474897253006
61,1982,0.9879181859202967
61,1983,0.9862352178905981
61,1984,0.9929673086816421
61,1985,0.9981316752490895
61,1986,0.9957051990562719
61,1987,1.0
61,1988,0.998422711775395
61,1989,0.9954323524995476
61,1990,0.980055680712678
61,1991,0.959946390516305
61,1992,0.9298777060751284
61,1993,0.907961053105399
61,1994,0.8959624823448977
61,1995,0.8744178963609021
61,1996,0.8457924378037046
61,1997,0.8208932661031338
61,1998,0.797231370419893
61,1999,0.7769668698317032
61,2000,0.7701710680540539
61,2001,0.7628944606550949
61,2002,0.7581740747290249
61,2003,0.7457389061906712
61,2004,0.7257187312624396
61,2005,0.7070956730286154
61,2006,0.6896525317190016
61,2007,0.6788240863010874
61,2008,0.6675801201055732
61,2009,0.6604283283147442
61,2010,0.6562521423652897
61,2011,0.6461523911381488
61,2012,0.6378345958902243
61,2013,0.6325673912417233
61,2014,0.6277010711239596
61,2015,0.6238894170084919
61,2016,0.6210140034661016
61,2017,0.6184704566915669
61,2018,0.6120613149636774
61,2019,0.6067782839582466
61,2020,0.6039408812084898
61,2021,0.5978099973733771
61,2022,0.588115661145625
61,2023,0.590118267875794
61,2024,0.593304684516013
621,1947,0.980909448577031
621,1948,0.9785326338577467
621,1949,0.9693042279529626
621,1950,0.9643096126014458
621,1951,0.9608728773533515
621,1952,0.9468565118630806
621,1953,0.9521762846786878
621,1954,0.9513053575272861
621,1955,0.9445264952376492
621,1956,0.928286566622907
621,1957,0.9307474536023934
621,1958,0.9312843158471354
621,1959,0.9331190299982357
621,1960,0.9351295856037093
621,1961,0.9392845885096239
621,1962,0.9420243584084569
621,1963,0.9426023544348359
621,1964,0.935444440301485
621,1965,0.9314622541241417
621,1966,0.9446886583406349
621,1967,0.9452175021735812
621,1968,0.9421086914654639
621,1969,0.940024865665782
621,1970,0.9397053890550816
621,1971,0.9382822522837903
621,1972,0.9314869430660687
621,1973,0.9313386160491283
621,1974,0.9237016446007179
621,1975,0.9205146072193511
621,1976,0.9183819957284785
621,1977,0.915804212804379
621,1978,0.9311690290978262
621,1979,0.9383256293039393
621,1980,0.944306288928641
621,1981,0.9457975313296532
621,1982,0.9490347579636785
621,1983,0.9580086545262954
621,1984,0.9722650262073561
621,1985,0.9765751772336961
621,1986,0.9852105240537774
621,1987,1.0
621,1988,0.995927080578202
621,1989,0.9954901178220716
621,1990,0.9966140693855854
621,1991,0.9974256362732647
621,1992,1.0097671842731142
621,1993,1.0205841012180874
621,1994,1.0227570777051957
621,1995,1.0308123048417779
621,1996,1.04639443917566
621,1997,1.0572018817267559
621,1998,1.0793419684993217
621,1999,1.0978589710147728
621,2000,1.103700572221139
621,2001,1.1240719890139108
621,2002,1.137403174095136
621,2003,1.1313601643190896
621,2004,1.0875942591933971
621,2005,1.0613584449935747
621,2006,1.0295387282916955
621,2007,1.0123300388188647
621,2008,0.9948221815227314
621,2009,0.9860086270603845
621,2010,0.9832036554732936
621,2011,0.9684207479783464
621,2012,0.9511731966327573
621,2013,0.9312862617347196
621,2014,0.9172073635600024
621,2015,0.9212556635386208
621,2016,0.9265204079141744
621,2017,0.9195432487200488
621,2018,0.901025526684124
621,2019,0.8934956295699159
621,2020,0.897467371316014
621,2021,0.8838709100608863
621,2022,0.8458829244850695
621,2023,0.8506881304596279
621,2024,0.8647600508714736
624,1947,1.4395164801171563
624,1948,1.5499397320472141
624,1949,1.3901821837111368
624,1950,1.4765752810718937
624,1951,1.4123999076954465
624,1952,1.4415055566985029
624,1953,1.3908150652101663
624,1954,1.359724716255705
624,1955,1.3617350494733083
624,1956,1.3456873961708347
624,1957,1.317693504503306
624,1958,1.290491999372096
624,1959,1.2444038232011418
624,1960,1.2613760461889272
624,1961,1.2418265373530029
624,1962,1.2342362594848886
624,1963,1.2431031649373432
624,1964,1.2370901675731885
624,1965,1.2305636060186884
624,1966,1.2276969730840739
624,1967,1.2210810459898431
624,1968,1.169562711336127
624,1969,1.1430286417833446
624,1970,1.1145248243207253
624,1971,1.0802434119906124
624,1972,1.0554140538956351
624,1973,1.0521484397137766
624,1974,1.047588098469994
624,1975,1.0069902780491524
624,1976,0.9969379703057194
624,1977,0.9715177096990475
624,1978,0.9805371210423887
624,1979,0.9781948295902871
624,1980,0.9847511363152592
624,1981,0.9968826730208604
624,1982,1.0006139050939253
624,1983,0.9879639252598388
624,1984,0.9926675325297811
624,1985,1.005673228283436
624,1986,0.9988563855909524
624,1987,1.0
624,1988,1.001762235794472
624,1989,1.0059965789294822
624,1990,1.0002043784120034
624,1991,0.9886700821938204
624,1992,0.9730056454460031
624,1993,0.9634532048491835
624,1994,0.9590797192997031
624,1995,0.9514381528377727
624,1996,0.940523829196426
624,1997,0.9360649735905588
624,1998,0.9275545810531276
624,1999,0.9202373909690593
624,2000,0.9196017336654002
624,2001,0.9182299423708874
624,2002,0.9157399921776144
624,2003,0.9148342502627562
624,2004,0.9100549864171888
624,2005,0.8994266668618078
624,2006,0.8874161273072964
624,2007,0.8777367558547197
624,2008,0.8677245657194963
624,2009,0.863631918603006
624,2010,0.8633194181764632
624,2011,0.8608893893746716
624,2012,0.8614684291684054
624,2013,0.8625408538406427
624,2014,0.867688936407664
624,2015,0.8722173458744443
624,2016,0.877240787329739
624,2017,0.8810055271515157
624,2018,0.882907265090174
624,2019,0.885244297813624
624,2020,0.8869190474126627
624,2021,0.8938865424393633
624,2022,0.9046305564338863
624,2023,0.9052546712621251
624,2024,0.901306732343367
711AS,1947,1.2151758480922716
711AS,1948,1.1819607428694552
711AS,1949,1.1714462137852937
711AS,1950,1.1632061249858958
711AS,1951,1.173480509929045
711AS,1952,1.1426453021621572
711AS,1953,1.1356624160354543
711AS,1954,1.1387861836655144
711AS,1955,1.1344085347206576
711AS,1956,1.1136610802821585
711AS,1957,1.102431240586021
711AS,1958,1.087492223043285
711AS,1959,1.0679283534945039
711AS,1960,1.0644399825673454
711AS,1961,1.064997951097674
711AS,1962,1.060118630880393
711AS,1963,1.0621510929017914
711AS,1964,1.0673836227270097
711AS,1965,1.0630213111172777
711AS,1966,1.0666300181795432
711AS,1967,1.0615077576488845
711AS,1968,1.0698966491622086
711AS,1969,1.0838833863146105
711AS,1970,1.085504003593688
711AS,1971,1.0962365382995232
711AS,1972,1.1145047611804106
711AS,1973,1.119310111998476
711AS,1974,1.1279944432306255
711AS,1975,1.0973474830607262
711AS,1976,1.0833656050462341
711AS,1977,1.0323419790240882
711AS,1978,1.0207476897208159
711AS,1979,1.0100736204961995
711AS,1980,1.0077080015587532
711AS,1981,1.0127091951657818
711AS,1982,1.0216295391446937
711AS,1983,1.0126634003161514
711AS,1984,1.0092302814215588
711AS,1985,1.0114250150735327
711AS,1986,1.0038635054953062
711AS,1987,1.0
711AS,1988,0.9992740074115526
711AS,1989,1.006851999574198
711AS,1990,1.0057045005350411
711AS,1991,1.0031230185703537
711AS,1992,0.9974399697144332
711AS,1993,1.0022913238220867
711AS,1994,1.0031805752566856
711AS,1995,0.9993373482036745
711AS,1996,0.99450895359663
711AS,1997,0.993303186699325
711AS,1998,0.9905715199493809
711AS,1999,0.9909154513372106
711AS,2000,0.998096897460111
711AS,2001,1.0099072124626252
711AS,2002,1.0204048410132587
711AS,2003,1.0284458101127898
711AS,2004,1.035266067942828
711AS,2005,1.0408210723518418
711AS,2006,1.0508318613882177
711AS,2007,1.0594559986996765
711AS,2008,1.0674356838398418
711AS,2009,1.071548644425
711AS,2010,1.0728948132740979
711AS,2011,1.0682041492918504
711AS,2012,1.0624520813888045
711AS,2013,1.0601865476958554
711AS,2014,1.0570698850196554
711AS,2015,1.0501955085071741
711AS,2016,1.0436026502934737
711AS,2017,1.0423423622943961
711AS,2018,1.0397726119754578
711AS,2019,1.0374000844495797
711AS,2020,1.0345446383463208
711AS,2021,1.0331621391550194
711AS,2022,1.0399167899568356
711AS,2023,1.0408883748762376
711AS,2024,1.0419940403383177
721,1947,1.316601978144868
721,1948,1.3143817782059106
721,1949,1.2737889273908052
721,1950,1.2676262497879018
721,1951,1.2448771993777081
721,1952,1.2157719856048295
721,1953,1.2232693211391057
721,1954,1.199653865346266
721,1955,1.1647248398071066
721,1956,1.113172458279238
721,1957,1.0864909797237476
721,1958,1.0585414803080975
721,1959,1.044221539492982
721,1960,1.0282603079023784
721,1961,1.0297301232981673
721,1962,1.028575140521658
721,1963,1.0239137902142106
721,1964,1.0196802671433707
721,1965,1.011023751594149
721,1966,1.00892915263504
721,1967,0.9988995871129377
721,1968,0.9962157927388958
721,1969,0.9946680226093929
721,1970,0.9867844771460474
721,1971,0.9812938885475083
721,1972,0.9780107508645078
721,1973,0.9842382292586905
721,1974,0.9926955478381736
721,1975,0.965986220727095
721,1976,0.9517263249371475
721,1977,0.9491684566614985
721,1978,0.9440453338412363
721,1979,0.9398870960290232
721,1980,0.9386179419582713
721,1981,0.9420793521404215
721,1982,0.9529383059794989
721,1983,0.9584344357021759
721,1984,0.9725774032642335
721,1985,0.9868209213102486
721,1986,0.9909058448530451
721,1987,1.0
721,1988,1.0114291802840008
721,1989,1.0242096793285393
721,1990,1.0343308675428577
721,1991,1.0411684514559663
721,1992,1.0475521758322706
721,1993,1.0609324374339566
721,1994,1.0739392295186494
721,1995,1.090950377016868
721,1996,1.1189881726106443
721,1997,1.1491602546355997
721,1998,1.1867638253847554
721,1999,1.218636436187112
721,2000,1.2402796859421046
721,2001,1.2749813518462478
721,2002,1.3070165087336774
721,2003,1.3412844212095618
721,2004,1.3715604136822275
721,2005,1.397568426467508
721,2006,1.4154681779955827
721,2007,1.4238816604839646
721,2008,1.446442006754034
721,2009,1.463549698968771
721,2010,1.4669465855003765
721,2011,1.4806043276173682
721,2012,1.496067250432354
721,2013,1.5062422382896121
721,2014,1.5199924542551915
721,2015,1.5330456870127036
721,2016,1.5482932855823182
721,2017,1.566486894107013
721,2018,1.5869932229600574
721,2019,1.6040470809573157
721,2020,1.608919874495699
721,2021,1.6329965976552598
721,2022,1.6772711473244244
721,2023,1.6772328414427378
721,2024,1.6677439756481987
722,1947,1.0825002806486435
722,1948,1.052077768069702
722,1949,1.0134261374653966
722,1950,0.9800401774287845
722,1951,0.9816149323308451
722,1952,0.9624176954694351
722,1953,0.9520560976526594
722,1954,0.9436941843827413
722,1955,0.9364935326642069
722,1956,0.9097237107537435
722,1957,0.8875930352321142
722,1958,0.8745395272193691
722,1959,0.8632864249757561
722,1960,0.8602158851222834
722,1961,0.8528240063288448
722,1962,0.8536099143346111
722,1963,0.8531751563607182
722,1964,0.8560835632629887
722,1965,0.8524128250354814
722,1966,0.8595690205275303
722,1967,0.8613637725237472
722,1968,0.8638186772238009
722,1969,0.8655317023807091
722,1970,0.8651566837390723
722,1971,0.8705400275348489
722,1972,0.8700554298421158
722,1973,0.8749301564783655
722,1974,0.8852326605143288
722,1975,0.879131377083491
722,1976,0.8767349940920982
722,1977,0.883754910854828
722,1978,0.9001857046120085
722,1979,0.9041087340378121
722,1980,0.9114499152814083
722,1981,0.9140835443573385
722,1982,0.9199650257903794
722,1983,0.9339494191542943
722,1984,0.9550798161951217
722,1985,0.9798560492664145
722,1986,0.989140778741509
722,1987,1.0
722,1988,1.017842405301538
722,1989,1.0354526498707575
722,1990,1.050276487768798
722,1991,1.0605687211997767
722,1992,1.0753148858245263
722,1993,1.0969004687474235
722,1994,1.1162007261989253
722,1995,1.1453994015370845
722,1996,1.1911665008411183
722,1997,1.238916316577794
722,1998,1.2969921013716557
722,1999,1.3494773851365975
722,2000,1.3800748227441433
722,2001,1.4262765014828078
722,2002,1.469124550752273
722,2003,1.518077297038495
722,2004,1.5563126713587783
722,2005,1.5971674397091937
722,2006,1.6396398360053936
722,2007,1.6954413421726975
722,2008,1.741345751371049
722,2009,1.7805278081024636
722,2010,1.807088646911395
722,2011,1.8317946188705132
722,2012,1.8473720169328185
722,2013,1.8590468920429226
722,2014,1.880545366000228
722,2015,1.9073183794303692
722,2016,1.9330647771515383
722,2017,1.9587565583058462
722,2018,1.9839641163593773
722,2019,2.0086151358560578
722,2020,2.0230102970962602
722,2021,2.064507089216149
722,2022,2.180093362380723
722,2023,2.218592304020022
722,2024,2.2239380881657755
81,1947,1.0721932708850248
81,1948,1.0676656445530903
81,1949,1.0411541085791902
81,1950,1.0309970488853821
81,1951,1.0314970091814104
81,1952,1.019123410164398
81,1953,1.0162322110666824
81,1954,1.0132623936129392
81,1955,1.022828980503673
81,1956,1.0139829078356521
81,1957,1.0064606307326889
81,1958,0.9924899750525498
81,1959,0.9824571879318965
81,1960,0.9824529999144042
81,1961,0.98264709032639
81,1962,0.985179202505162
81,1963,0.9846197380329651
81,1964,0.9851927204658717
81,1965,0.9878881315294746
81,1966,0.9951710115260057
81,1967,0.9963350335292762
81,1968,0.9935355832303672
81,1969,0.9904192726446921
81,1970,0.9920495119079966
81,1971,0.9917443823839881
81,1972,0.9915787662626789
81,1973,0.9917960298308766
81,1974,0.9962261062024299
81,1975,0.986555524895814
81,1976,0.9837190421755422
81,1977,0.9724607578003786
81,1978,0.9834976235384938
81,1979,0.9886256200757358
81,1980,0.9754987097919463
81,1981,0.956667635563548
81,1982,0.947011598036787
81,1983,0.9514144518241497
81,1984,0.9645774444913257
81,1985,0.9791834162321761
81,1986,0.9892107900915859
81,1987,1.0
81,1988,1.0073313668347028
81,1989,1.0146409583843448
81,1990,1.0170662565976378
81,1991,1.0157850502107753
81,1992,1.0128995798763514
81,1993,1.0117783036053694
81,1994,1.0139265719789774
81,1995,1.019786635648186
81,1996,1.023710497670866
81,1997,1.0284701807959766
81,1998,1.0338508471285883
81,1999,1.0424696631653472
81,2000,1.04947766133344
81,2001,1.0593448548223663
81,2002,1.0671674944428176
81,2003,1.0731253845817608
81,2004,1.0769285559317385
81,2005,1.0795205514381023
81,2006,1.0801951194864754
81,2007,1.0855125057882438
81,2008,1.0875491269190771
81,2009,1.0937318115159418
81,2010,1.1004699320333304
81,2011,1.1049689297384269
81,2012,1.1090313453739373
81,2013,1.1131396283411585
81,2014,1.1191629032602182
81,2015,1.125643867602699
81,2016,1.1320467713428073
81,2017,1.1367915015695487
81,2018,1.1381750185957475
81,2019,1.1408477385789453
81,2020,1.1424457337067129
81,2021,1.1518282027287217
81,2022,1.1748783405286662
81,2023,1.182155358500305
81,2024,1.178782171742706
521CI,2006,0.6658259553465049
521CI,1981,1.100231541467581
521CI,2003,0.6810600786982883
521CI,1995,0.8573198943936775
521CI,1980,1.1438066058852323
521CI,2015,0.6742641983853401
521CI,1990,0.9823529016183675
521CI,2010,0.6454002167051606
521CI,1962,2.2891280275209986
521CI,2016,0.6823415371770487
521CI,2022,0.7013519106100157
521CI,1953,2.5659731412916966
521CI,2019,0.6849153863962699
521CI,1963,2.2446910240965834
521CI,2002,0.6888340826416962
521CI,1978,1.277762651021569
521CI,2007,0.6559158383888274
521CI,1968,1.8641679155862696
521CI,1985,1.0007373891497826
521CI,1949,2.62055607005427
521CI,2013,0.6591979577687329
521CI,1999,0.7177696879252975
521CI,1998,0.7371708299254255
521CI,1947,2.5134975279318645
521CI,2005,0.6732746987012981
521CI,1956,2.416590018938683
521CI,1982,1.0756591021614876
521CI,1977,1.4036827589592353
521CI,1961,2.341377901842317
521CI,1983,1.057487219064613
521CI,2023,0.7019347719831074
521CI,1997,0.766352452553095
521CI,1969,1.8305199887567372
521CI,1988,0.9978571894903274
521CI,2009,0.6423250396228165
521CI,2012,0.6536577084815277
521CI,1973,1.6578815997390524
521CI,1991,0.974317531101439
521CI,2000,0.711406673597547
521CI,2024,0.6951287631409927
521CI,1974,1.5856990304587335
521CI,1984,1.0267843511579093
521CI,1957,2.3930484868763537
521CI,1960,2.3629764031981
521CI,2020,0.6858473636191063
521CI,2004,0.676972931483962
521CI,1979,1.21561369133691
521CI,2021,0.6924967932523131
521CI,1976,1.4534300746521296
521CI,1951,2.4945441122987813
521CI,1975,1.5177764962741631
521CI,2014,0.6655927877634572
521CI,1967,1.9169317426303907
521CI,1964,2.206806226586516
521CI,1965,2.1342702144951984
521CI,1954,2.5659633173394565
521CI,1952,2.5898788762818423
521CI,1972,1.6575099099429633
521CI,1986,1.0001526344418408
521CI,1971,1.7102838217794984
521CI,1987,1.0
521CI,1948,2.5265736899175897
521CI,2001,0.6996036602114131
521CI,2017,0.6845021204237655
521CI,1996,0.8150430447573753
521CI,1989,0.9893601095750628
521CI,1970,1.8001912171962609
521CI,2018,0.6838184218199345
521CI,2008,0.6478303251096511
521CI,1955,2.4534196938292134
521CI,1959,2.3935151654816487
521CI,1993,0.9208185500240833
521CI,2011,0.6499661869388745
521CI,1958,2.3762013806542694
521CI,1950,2.562774961433584
521CI,1992,0.9545090518780047
521CI,1966,1.999107416331769
521CI,1994,0.8973224753321205
622HO,1986,0.9745481532559721
622HO,1969,0.9374369516716181
622HO,1959,0.9120411921850764
622HO,1987,1.0
622HO,1955,0.9610979193684749
622HO,2009,0.9878000964226552
622HO,2002,1.0459419376685133
622HO,1982,0.9149044463950986
622HO,1966,0.9432597391856534
622HO,1952,0.9738481211598344
622HO,1964,0.9307271146169628
622HO,2020,0.9117507014504593
622HO,1962,0.9223599753479563
622HO,1976,0.9073093104132895
622HO,2011,0.9695398475240803
622HO,2007,1.0001134904213156
622HO,1984,0.9480310927877438
622HO,1948,1.0574666982781489
622HO,1973,0.9299906425081301
622HO,1998,0.9725626816653908
622HO,1972,0.9299816874529413
622HO,1983,0.9253088051422377
622HO,1950,1.0008038631676195
622HO,1974,0.9229321067803038
622HO,2005,1.0245574296474602
622HO,2023,0.850629130723141
622HO,1990,0.9885035890399227
622HO,2008,0.9956502216205774
622HO,1994,0.9593929912811855
622HO,1989,0.9916463783497177
622HO,1957,0.9275354421180103
622HO,1963,0.9307483452431348
622HO,2003,1.0444776373714808
622HO,2019,0.9030008337009762
622HO,1960,0.9163960383219861
622HO,1996,0.9569659441806901
622HO,2000,0.9954952373165857
622HO,2012,0.9702272296086124
622HO,1947,1.0894216376768235
622HO,2010,0.979763773043262
622HO,1997,0.9623615359042508
622HO,1980,0.8997125513153976
622HO,1975,0.9116235275890748
622HO,2017,0.9305047064428774
622HO,1988,0.9940102923723035
622HO,1978,0.8969049003115207
622HO,1995,0.9590331573707789
622HO,1979,0.897381826064418
622HO,1985,0.9583254769362183
622HO,2004,1.0322287395624843
622HO,2024,0.8640306563151123
622HO,2022,0.8511948227173863
622HO,1958,0.9150428863033435
622HO,2006,1.0106027393357775
622HO,1970,0.9426597023046603
622HO,1956,0.9351480499432436
622HO,1971,0.9415945775270461
622HO,1993,0.9690718098317896
622HO,1981,0.9053942682074702
622HO,1965,0.9277168413713696
622HO,2013,0.9389009259629885
622HO,1991,0.9827914617678352
622HO,2018,0.916268179521491
622HO,1961,0.9217187438328629
622HO,1953,0.9542523065017445
622HO,2001,1.0223590502755684
622HO,2016,0.9367895835095286
622HO,1949,1.0163236385510448
622HO,2015,0.9322864523084237
622HO,1951,1.0104216890910958
622HO,1968,0.9377770063220859
622HO,1954,0.9576652037514379
622HO,1977,0.8891915753882088
622HO,2014,0.9195993101300125
622HO,1992,0.9699361850567669
622HO,2021,0.8910414449941501
622HO,1967,0.9476215871501943
622HO,1999,0.9845461752658567
