ind_name,ind_code,alpha,mu,sigma,lambda,rho,eta,phi_L,phi_H
Support activities for mining,213,0.21049635077193568,0.5601210093420665,0.32244317321648974,0.0012298522069150064,-0.9409589064855128,0.043,0.05383918872358594,6.0
