ind_name,ind_code,alpha,mu,sigma,lambda,rho,eta,phi_L,phi_H
Utilities,22,0.6422315320080051,0.5376341203678885,0.22519856999794285,0.2758973447537974,-0.3526168964206684,0.13,1.7883767488719058,5.5
