ind_name,ind_code,alpha,mu,sigma,lambda,rho,eta,phi_L,phi_H
Construction,23,0.04397295525165497,0.0834884274564878,0.8311806852485316,0.46048430701616866,0.8762211089065733,0.03,4.888090340696093,3.0
