ind_name,ind_code,alpha,mu,sigma,lambda,rho,eta,phi_L,phi_H
Printing and related support activities,323,0.0472768212334268,0.28374857301707157,0.7815998007314714,0.05463829737637994,-0.9978352278554521,0.033,1.673656982048095,2.0
