ind_name,ind_code,alpha,mu,sigma,lambda,rho,eta,phi_L,phi_H
Computer and electronic products,334,0.2141006847651365,0.38316711589836167,0.8600169849197947,0.3949139788219811,0.10339605603002872,0.83,1.7955261461829988,2.0
