ind_name,ind_code,alpha,mu,sigma,lambda,rho,eta,phi_L,phi_H
"Electrical equipment, appliances, and components",335,0.24346308228172284,0.7803583028099322,0.987442348249341,0.007840059495901094,-1.2132233606655707,0.002,0.1883522151269216,3.0
