ind_name,ind_code,alpha,mu,sigma,lambda,rho,eta,phi_L,phi_H
Retail trade,44RT,0.28986765649842144,0.232001888834592,0.5751396366361099,0.3005101606014224,-0.4572458968247316,0.5,4.066388454292554,3.0
