ind_name,ind_code,alpha,mu,sigma,lambda,rho,eta,phi_L,phi_H
Other transportation and support activities,487OS,0.08138341468838318,0.295389681896257,0.6002643697378823,0.17566292902564196,-0.6948779549123971,0.5,3.584341499427249,3.0
