ind_name,ind_code,alpha,mu,sigma,lambda,rho,eta,phi_L,phi_H
Broadcasting and telecommunications,513,0.5431350904028525,0.17593088322724076,0.3858718670109416,0.4174540406479541,-0.7247304992142094,0.083,4.820988586913608,3.0
