ind_name,ind_code,alpha,mu,sigma,lambda,rho,eta,phi_L,phi_H
Insurance carriers and related activities,524,0.26317217632678586,0.4749696291353811,0.643813423991502,0.008390393360960379,-0.7608170534187153,0.043,3.978274792810382,6.0
