ind_name,ind_code,alpha,mu,sigma,lambda,rho,eta,phi_L,phi_H
Rental and leasing services and lessors of intangible assets,532RL,0.08268524111270167,0.4006746580208115,0.5540229653084371,0.9242931071389651,0.041676643718193226,0.13,0.36352281581136553,20.0
