ind_name,ind_code,alpha,mu,sigma,lambda,rho,eta,phi_L,phi_H
Legal services,5411,0.08293727521169979,0.17486964162494723,0.4136697297849099,0.04706394113242327,-0.8572283964889552,0.023,0.006637447813914933,1.0
