ind_name,ind_code,alpha,mu,sigma,lambda,rho,eta,phi_L,phi_H
Legal services,5411,8.172594623445531e-5,0.28293101229601575,0.999527937346735,0.330535756122415,0.1117672807414068,0.5,0.006279455041738087,0.01
