ind_name,ind_code,alpha,mu,sigma,lambda,rho,eta,phi_L,phi_H
Legal services,5411,0.08292107711432328,0.1350136461009272,0.44083698608261873,0.08376406876237685,-1.0031145923554072,0.083,0.011092737333261016,0.01
