ind_name,ind_code,alpha,mu,sigma,lambda,rho,eta,phi_L,phi_H
"Miscellaneous professional, scientific, and technical services",5412OP,0.1248262641677746,0.17030913728997502,0.6568964121421121,0.20022140066894378,-0.9031019832841438,0.043,1.469574704678247,1.0
