ind_name,ind_code,alpha,mu,sigma,lambda,rho,eta,phi_L,phi_H
Computer systems design and related services,5415,0.00876519670457544,0.20928409158004116,0.8953421122398888,0.050034692709150855,-0.6393985636358956,0.33,1.3439135968791907,1.3
