ind_name,ind_code,alpha,mu,sigma,lambda,rho,eta,phi_L,phi_H
Management of companies and enterprises,55,0.08951920762381937,0.52955862591205,0.5589509178186183,0.14913127679830418,-1.2542229302266423,0.043,0.01619314956809048,1.0
