ind_name,ind_code,alpha,mu,sigma,lambda,rho,eta,phi_L,phi_H
Waste management and remediation services,562,0.2776921799839761,0.2867254044897019,0.5903579398063054,0.19020977438108094,-0.7183868880522781,0.043,0.7030925243216335,1.0
