ind_name,ind_code,alpha,mu,sigma,lambda,rho,eta,phi_L,phi_H
Educational services,61,0.09363099429526103,0.2032864939193302,0.2306811302248938,0.0011437599557392452,-1.0138211014496854,0.033,3.0920148741060984,5.0
