ind_name,ind_code,alpha,mu,sigma,lambda,rho,eta,phi_L,phi_H
Ambulatory health care services,621,0.03310406504562675,0.17402645047297238,0.677500036381881,0.2727570994350318,0.9633514119068556,0.043,3.8595444030353008,3.0
