ind_name,ind_code,alpha,mu,sigma,lambda,rho,eta,phi_L,phi_H
Hospitals and nursing and residential care facilities,622HO,0.14094022490694574,0.5371108945220138,0.7082328873241833,0.007777830733412278,-2.2293618352725626,0.001,1.4342733772554639,3.0
